country,1974,1975,1976,1977,1978,1979,1980,1981,1982,1983,1984,1985,1986,1987,1988,1989,1990,1991,1992,1993,1994,1995,1996,1997,1998,1999,2000,2001,2002,2003,2004,2005,2006,2007,2008,2009,2010,2011,2012,2013,2014,2015,2016,2017,2018
Afghanistan,30.6,30.6,30.6,21.3,18.4,18.4,20.6,20.1,20.6,20.6,20.6,20.6,20.6,20.1,20.1,18.7,18,19.2,17.4,17.4,17.4,11.5,7.67,5.95,7.67,5.95,11.4,45,46.6,46.1,46.3,46.9,47.8,47.8,47.8,48.4,49,49,46.6,46.6,46.6,43.4,44.5,48.6,41.7
Angola,16,16.5,16.5,16.5,16.5,16.5,16.4,16.4,16.4,16.4,16.4,17.6,17.6,17.6,17.6,21.7,23.4,30.1,30.7,29.8,28.2,29.8,29.8,29.8,29.8,29.8,30.9,34.4,37.9,38.4,41.3,42.5,41.3,41.5,42.1,41.5,42.1,42.1,41.6,41.6,41.6,41.6,41.8,46.1,48.2
Albania,0.142,0.142,0.142,0.142,0.142,0.142,0,0,0,3.33,0,0,3.33,0,0,18.6,54.5,59.1,56.7,56.7,59.2,58.9,60.5,61.1,61.9,63.6,61.9,62.4,62.4,62.4,63.2,62.8,63.4,64.1,63.4,64.4,64.4,64.4,56.5,56.9,56.9,56.9,61.4,54.7,53
United Arab Emirates,29.3,31.6,34.3,34.3,34.3,32.4,33.1,33.1,33.1,32.3,34.5,34.5,35.9,35.9,34.8,35.9,36.7,36.7,36.7,34.2,35,35.7,35,37,37,36.2,37,33.3,32.6,31.5,32.2,33.1,33.1,33.8,33.8,35.2,31.6,33.1,33.4,34.4,35.6,33.8,29.4,30.3,28.9
Argentina,46.3,21.2,9.83,9.83,9.83,9.83,10.9,14.9,29.6,75.2,76,76,76,76.7,76.4,75.9,76.9,75,74.1,74.6,75.8,74.5,74.5,74.5,74.5,76.8,76.8,76.6,74.1,75.4,75.5,75.5,74.3,73.3,72.6,72.3,72.3,72.3,71.9,72.6,71.7,78.7,77.1,75.9,71.4
Armenia,,,,,,,,,,,,,,,,,59.5,59.4,58.9,55,54.7,54.2,56.1,54.9,55.3,54.6,54.6,54.6,54.6,52.5,52.5,52.5,51.7,48.1,51.1,53.4,53.9,53.9,52.3,53,51.7,52.4,52,59.2,65.8
Australia,84.6,83.4,83.4,83.4,83.4,83.6,83.9,83.9,83.9,83.9,83.9,83.9,83.9,83.9,83.9,84.8,84.8,84.8,82.4,84,84.8,84.8,84.8,84.8,84.8,84.8,84.8,82.6,82.6,82.6,82.6,82.6,82.6,80.8,82.6,82.6,82.6,82.6,79.7,79.7,84.2,84.2,74.3,73.9,74
Austria,77.5,82.2,82.2,82.2,82.2,82.2,82.6,81.6,81.6,82.6,82.6,82.6,82.6,82.6,81.6,83.8,83.8,83.8,82.2,82.2,81.3,81.3,81.3,81.3,81.3,81.3,81.3,81.3,81.3,81.3,81.3,81.3,81.3,81.3,81.3,79.5,81.3,81.3,78.3,78.3,78.3,80,80,75.7,76.3
Azerbaijan,,,,,,,,,,,,,,,,,39.4,48.3,43.1,37.5,37.5,37.5,38.5,39.8,39.8,38.5,39.8,38.5,38.1,36.8,36.4,36.4,36.4,35.4,34.6,34.6,35.5,35.5,32.8,32.4,31.7,32.6,32.8,31.6,35.1
Burundi,29.1,27.8,28,28,29.8,31.3,30.9,32,32,30.9,30.9,32,37.8,38.8,39.9,39.9,39.9,49.7,50.1,49.8,49.8,47.5,46.2,45.2,44.3,44.3,45.5,45.5,46.7,47.6,47,46.6,46.2,46,45.6,43,45.4,45.4,40.1,38.6,25.6,18.9,16.1,16.9,18.2
Belgium,73.9,73.9,73.9,73.9,73.9,74.8,75.2,74.5,74.5,75.2,74.5,74.5,75.2,74.5,76.7,81.7,81.7,81.7,81.7,80.4,81.5,81.5,81.5,81.5,81.5,81.5,81.5,81.5,81.5,81.5,81.5,78.8,78.8,81.7,81.7,81.7,81.7,81.7,81.7,81.7,81.7,81.7,80.8,80.8,80.8
Benin,25.9,25.9,25.9,25.9,25.9,25.9,25.7,25.7,25.7,25.7,25.7,25.7,25.7,25.7,28.7,62.8,68.4,73.8,73.8,74.7,74.7,73.8,71.4,72.2,71.4,72.2,72.1,73.1,71.8,73.1,70.3,67,64.2,63.4,64.2,66.1,65.4,65.4,67.1,66.9,68.4,70.9,72.3,67.2,53.5
Burkina Faso,37.6,39,39,40.9,40.9,40,38.9,38.9,41.7,38.9,39.7,39.7,38.9,36.8,36.8,38.1,42.1,46.5,47.5,47.5,47.5,47.5,47.5,48.5,51.4,60.2,60.2,60.2,60.2,60.2,60.2,60.2,61.8,62.3,61.8,64,64,63.7,64.4,65,67.3,67.8,69.2,68,57.2
Bangladesh,29.4,34.2,42.9,43.3,43.9,45.9,46.2,33.5,33.2,34.8,34.8,40.2,40.2,40.8,38.5,37.8,47.5,48.7,48.7,47.3,48.7,47.7,47.7,47.7,47.7,46.5,47.7,47.7,46.5,46.5,47.7,46.7,39.8,41.2,40.8,40,40.1,38.8,38.9,38.5,36.4,36.4,35.9,35.7,35.1
Bulgaria,23.7,23.7,23.7,23.7,23.7,24.4,24.1,25.2,25.2,24.6,25.7,24.6,24.6,24.6,27.9,69.2,70.7,70.7,68,70.3,68,69.1,69.1,67.4,69.9,69.9,69.9,69.9,69.9,69.9,69.9,69.9,70.6,69.9,69.6,69.6,69.2,68.4,59.2,62.4,61.6,61.6,59.1,57.7,57.1
Bahrain,38.1,30.2,30.2,30.2,30.2,29.9,29.6,30.4,30.4,29.6,29.6,30.4,29.6,29.6,30.4,28.8,28.8,28.8,29.7,28.8,28.8,29.7,29.7,28.8,29.7,33.9,43.3,44.1,43.7,43.7,43.7,43.7,43.7,43.7,43.3,40.7,18.1,20.8,20.8,20.8,19.2,18.5,14.7,14.7,22.4
Bosnia and Herzegovina,,,,,,,,,,,,,,,,,,36.9,36.9,36.9,36.9,49.8,51.3,51.3,53,58,58,58.1,58.1,58.9,59.5,58.1,58.1,58.1,58.1,57.9,57.9,57.9,55.4,54.4,54.4,51.9,52.4,49.2,49.7
Belarus,,,,,,,,,,,,,,,,,60.5,66.2,67.4,66.2,61.1,52.4,49.6,49,41.2,37.3,37.1,36,36,36,36,32.9,32.9,32.9,33.1,32.9,32.9,32.9,35.6,35.6,35.5,37.5,39.7,37.3,37.3
Bolivia,15.4,15.4,15.4,17.6,31.2,10.4,17.8,42.7,62.4,62.4,66.8,66.1,65.3,66.1,66.1,67.4,67.4,67.4,67.4,67.4,67.4,66.6,66.6,66.6,66.6,66.6,66.6,66.6,65.3,66.8,68.5,62.6,62.6,61.2,61.2,60.1,60.1,60.1,61,60.5,60.7,59.7,60.1,59.7,49.5
Brazil,21.8,27.2,27.2,27.2,33.3,36.3,36.7,37,37,37.8,47.8,53.6,54.7,66.3,67.3,68.3,71.3,72.8,70.9,72.8,73.6,74.4,74.4,74.4,74.4,74.4,74.4,73.6,73.6,72.8,76.1,76.8,74.9,74.9,74.9,76.1,76.1,73.7,71.2,71.2,69.8,60.3,58.6,56.5,52.3
Barbados,65.8,65.8,65.8,65.8,65.8,67.9,67.9,67.9,67.9,67.9,67.9,67.9,67.9,67.9,67.9,68.1,66.5,68.1,68.1,68.1,68.1,68.1,68.1,68.1,68.1,68.1,68.7,68.7,68.7,67.1,68.7,68.7,68.7,66.3,68.7,68.7,67.8,67.8,67.8,67.8,68.7,67.8,76.3,76.6,75.1
Botswana,64.7,66.6,66.6,66.6,66.6,66.6,68.3,68.3,68.3,68.3,68.3,68.3,68.3,68.3,68.3,67.6,67.1,67.6,67.6,67.6,68.3,68.3,68.3,68.3,68.3,68.3,67.6,67.6,67.6,68,68,68,68.3,66.4,66.8,65.5,65.5,65.5,59.4,59.4,60.1,60.1,62.7,62.7,60.3
Central African Republic,21.7,19.8,18.8,18.8,21.5,39.8,41.3,33.1,33.1,33.1,33.1,34.1,33.1,34.1,33.1,35.9,39.3,46.3,45.6,47.5,46.2,45.5,46.2,47.5,46.2,47.1,47.1,47.1,47.3,46.5,45.8,45.8,45.8,45.8,45.8,47.2,47.2,47.9,40.8,45.8,50.8,51.8,51.4,52.4,47.3
Canada,76.3,76.3,76.3,76.3,76.3,76.3,75.9,78.8,78.8,78.8,78,78,78,78,78,78,78,78,78,78,78,78.9,79.7,78.3,79.7,79.7,80.1,80.1,80.1,80.1,80.1,80.1,80.1,80.1,80.1,80.1,80.1,80.8,81.7,81.6,79.1,81.9,81.4,79.6,85.6
Switzerland,71.4,71.4,71.4,71.4,71.4,71.4,72.1,72.1,72.1,72.1,72.1,72.1,72.1,72.1,74.4,82.7,85.7,85.7,85.7,84.7,88.1,88.1,88.1,88.1,88.1,88.1,88.1,88.1,88.1,88.1,88.1,88.1,88.1,88.1,88.1,88.1,88.1,88.1,88.1,86.9,85,86.1,86.1,86.1,79.9
Chile,12,12,12,13.4,14.1,16.5,17.4,17.4,17.4,16.4,18.6,18.6,18.6,19.9,31.5,69.7,71.9,71,71,71.5,71.5,72.4,72.4,72.4,72.4,78.8,78.8,78.8,77.9,77.9,77.9,77.9,78.8,77.9,77.9,80.4,82.6,83.4,88.4,89.7,84,84,84.9,80.3,67.9
China,5.04,5.04,11.9,21.9,31.1,35.1,35.4,35.4,35.4,35.4,34.8,36.2,37.1,36.4,30.7,29.1,29.1,29.4,32.2,32.2,32.2,32.2,32.2,32.2,32.2,30.6,31.2,31.2,31.2,32.1,32.1,32.1,32.1,32.1,31.5,31.5,30.6,30.6,28.8,28.4,26.5,26.5,25.6,24.6,23.8
Cote d'Ivoire,35,35,35,35,35,35,35.5,35.5,35.5,35.5,35.5,35.5,35.5,35.5,36.7,45.4,48.1,46.6,48.1,52,52,52,53,52.3,52.4,57.1,57.1,56.2,56.2,55.4,53.3,53.3,53.3,53.3,51.6,51.5,50.2,52.2,56.3,56.3,54.2,54.8,53.4,57.4,53.5
Cameroon,22.3,22.3,22.3,22.3,22.3,25.6,25.2,31.5,35.8,36.4,35.7,35.7,36.4,35.7,36.4,41,44.7,48.6,51,51,50.3,51,51,50.3,51,51.9,51.9,51.9,51.2,51.2,51.2,51.9,51.9,51.2,51.2,51.2,51.9,51.9,48.5,49,49,42.3,39.4,38.2,42.3
"Congo, Dem. Rep.",20.3,20.3,20.3,20.3,20.3,20.3,21.1,20.1,20.1,20.1,21.1,21.1,21.1,20.1,20.1,29.9,36.3,35.4,35.9,35.9,35.9,35.9,33.7,40.4,41.5,41.5,41,41,41,39.9,39.9,39.9,39.9,40,40.7,42,42,42,40.4,41.1,41.5,38.7,39.6,40.6,42.8
"Congo, Rep.",25.5,25.5,25.5,25,24.6,25.8,25.6,26.3,26.3,25.6,25.6,24.4,24.4,24.4,24.4,31.1,48.4,46.9,47.2,48.7,48.7,47.9,36.1,36.1,36.1,36.1,35.4,35.4,35.4,34.7,35.4,35.4,34.7,34.2,33.5,33.4,34.7,34.7,31,31,28.7,27.7,32.9,31,31.3
Colombia,50.4,50.4,50.4,42.1,38.7,38.7,39,40.5,48,48.3,46.9,46.6,46.6,46.1,45.3,44.3,54.4,53.5,52.4,53.1,53.1,53.1,53.1,53.1,53.1,54.6,53.4,51,51.1,51,52.2,52.2,52.2,52,52.5,56.1,62.3,62.3,59.1,59.1,58.5,58.7,57.9,53.5,48.4
Cape Verde,42,48,48,46.5,46.5,48,48,48,48,48,48,48.8,49.5,54.8,54.8,61,63.1,65.9,67.3,65.9,65.9,65.9,65.9,64,66.6,66.5,66.4,67.5,67.5,68.1,67.5,67.5,69.4,69.4,69.4,69.4,69.4,69.4,71.2,71.2,72.7,72.1,70.9,68.8,68.3
Costa Rica,73.8,73.8,74.5,74.5,74.5,88.4,88.7,88.7,88.7,88.7,88.7,88.7,88.7,88.7,88.7,88.4,84.7,88.4,87.1,84.7,85.9,85.9,85.9,85.9,86.6,84.4,84.4,84.4,83.5,83.5,85.4,85.4,86.4,85.4,86.4,88.9,88.9,88.4,86.8,86.5,86.5,86.8,78,78,78
Cuba,12.1,12.1,12.1,12.1,12.1,14.3,14.2,14.2,14.2,14.2,14.2,14.2,14.2,14.2,14.2,14.2,14.2,14.2,15.4,15.4,15.4,15.4,15.4,15.4,15.4,16.5,16.5,16.5,16.5,16.5,18.3,18.3,18.3,18.3,18.3,18.3,18.3,18.3,19.9,19.9,20.9,21.5,21.9,26.5,26.3
Cyprus,56.1,57.3,57.3,57.3,57.3,59.3,59.3,60.1,60.1,58,60.1,60.8,60,59.5,59.5,60.9,63.8,63.8,63.8,63.8,63.8,62.6,62.6,62.6,62.6,64.3,63.7,63.7,63.1,70.3,71.3,71.3,71.3,71.3,71.3,73.5,73.5,73.1,73.2,72.5,73.6,72.1,70.6,72.2,71.4
Czech Republic,21.1,21.1,21.1,21.1,21.1,21.1,20.9,20.9,20.9,20.9,20.9,21.9,24.8,24.8,28,87.6,88.7,85.4,88.7,87.6,85.4,85.4,87.6,85.4,87.6,87.6,85.4,87.6,87.6,85.6,85.6,85.6,85.6,85.6,85.6,88.4,85.8,89.8,77.8,75.8,75.8,77.7,76.2,75.4,73.7
Germany,71.9,71.9,71.5,74.9,76.5,78.8,79.2,79.2,79.2,79.2,77.4,78.3,78.3,79.2,79.2,84.3,84.3,83.5,83.5,83.5,83.5,83.5,83.5,83.5,83.5,83.5,83.5,83.5,83.5,85.4,85.4,85.4,85.4,85.4,85.4,85.4,85.4,83.1,87.7,86.3,86.3,86.3,85.7,83.3,82.7
Denmark,99.6,99.6,99.6,99.6,99.6,99.6,100,100,100,100,100,100,100,100,100,96.5,100,100,100,100,100,100,100,100,100,100,100,100,100,100,100,100,96.5,96.5,96.5,96.5,91.4,100,100,96.5,89.1,86.4,87.3,87.3,82.7
Dominican Republic,36.9,36.9,36.9,40.2,62.5,62.5,63,63,63,62.5,62.5,62.4,62.3,60.3,61.7,59.6,61.7,59.6,60.4,56.5,60.5,60.3,66.9,69,67.2,67.8,67.8,67.8,67.2,67.2,67.2,67.8,66.8,66.1,66.1,65.6,65.6,65.6,64.5,64.5,60.1,60.1,61.5,65,63.3
Algeria,29,29,29,29,31.6,32.3,33,31.8,31.8,31.8,31.8,31.8,31.8,31.8,36.9,46.6,46.4,45.3,44.1,44.1,44.1,44.8,44.8,44.1,48.4,49,49,49,48.2,48.2,49.6,50.1,50.1,50.1,49.6,49.6,49.6,50.5,49.3,48.8,48.8,44.8,47.1,48,44.9
Ecuador,38.4,38.4,40.3,44.6,58.6,66,65.9,65.9,67.9,58.9,56.7,56.7,55.8,64.3,66.7,65.8,65.8,65.8,65.2,64.7,64.3,64.3,64.3,66.2,65.3,65.3,65.3,65.3,66.2,65.3,63.5,65.1,68.8,64.2,64.7,61.6,60.1,60.1,54.2,55,54.2,54.2,61.3,70.4,69.3
Egypt,33.3,33.9,32.3,31.6,31.6,31.6,34.2,34.2,34.2,33.5,34.2,35.5,34.2,34.2,34.9,34.9,34.9,34.9,34.9,34.9,34.9,36.1,36.1,36.1,36.1,36.6,36.6,36.6,36.6,35.7,36.6,36.6,36.6,35.7,35.7,38.7,49.8,49.2,31.6,24.6,23,23.4,25.3,24.9,23.5
Eritrea,,,,,,,,,,,,,,,,,,,36.5,36.3,36.3,35.6,36,36.3,35.5,35.5,20.7,8.92,8.92,8.92,8.92,8.92,4.94,4.94,4.94,4.94,4.94,4.94,5.66,5.66,5.66,8.78,5.89,0,9.85
Spain,23.5,39.2,46.3,64.6,73.1,73.1,75.5,78.5,78.5,77.7,78.5,79.1,79.1,77.7,79.1,79.2,79.9,79.9,79.9,79.9,79.9,79.9,79.9,79.9,79.9,78.6,78.6,79.9,78.6,78.6,77.9,77.9,77.9,79.2,79.2,82,82,82,80.4,80.4,73.8,74.8,72.1,72.7,70.4
Estonia,,,,,,,,,,,,,,,,,67.9,73.5,72.1,74.8,77.7,76.2,77.7,77.7,77.7,77.7,77.7,77.7,77.7,77.7,77.7,77.7,77.7,79.7,80.8,80.8,80.8,80.8,81.6,80.1,80.1,83.4,82.4,81.3,78.9
Ethiopia,19.3,14.4,14.4,14.4,14.4,14.4,14.3,14.3,14.3,14.3,14.3,14.3,14.3,16.4,16.4,16.4,39.3,40.6,40.6,39.9,40.7,41.4,41.4,41.4,41.4,41.4,41.4,41.4,41.4,39.9,39.6,35.4,35.4,35.4,35.4,35.4,35.4,35.4,34.8,34.8,33.6,32.8,34.1,45,46.9
Finland,64.8,65,65,65,65,66.2,68.3,68.3,69,69,69,69,70.1,70.1,71.6,82.9,87.3,87.3,87.3,87.3,87.3,87.3,87.3,87.3,87.3,87.3,87.3,87.3,89.2,89.2,89.2,89.2,88.1,88.1,88.1,88.1,88.1,89.2,86.2,85.2,76.9,77.6,79.6,82.2,80.6
France,77,77,77,77,77,77,79.7,82.3,82.3,81.5,82.3,82.3,82.3,84.2,84.2,83.4,84.2,84.2,84.2,82.6,84.2,84.2,84.2,84.2,84.2,84.2,84.2,84.2,84.2,83.4,83.4,81.8,81.8,81.8,81.8,81.8,81.8,81.7,80.1,79.4,79.4,79.4,77.4,78.1,76.8
Gabon,35.3,35.3,35.3,35.3,36.8,36.8,36.5,37.2,37.2,36.5,37.2,36.5,36.5,36.5,36.5,47.4,53.8,53.8,51.6,52.3,53.8,53.8,52.8,52.8,52.2,52.2,52.2,53.3,53.3,53.3,53.3,53.3,53.3,52.6,52.4,61.3,61.3,57.9,63.8,66,63.8,62.7,64.5,62,59.9
United Kingdom,64.4,64.4,64.4,64.4,64.4,63.1,62.8,64.3,64.3,62.8,64.3,64.3,62.8,64.3,64.3,64.1,65.9,65.9,65.9,65.9,65.9,65.9,65.9,65.9,77.8,79.8,81.9,81.3,81.3,81.3,81.3,81.9,81.9,81.1,81.9,80.8,80.8,82.4,76.7,74.3,75.1,74.3,83.3,83.3,82.1
Georgia,,,,,,,,,,,,,,,,,43.9,48.8,49.4,53.7,53.7,54.5,53.3,53.5,55.6,55.4,54.5,54.3,53.6,56.5,57.6,56.9,53.5,54.8,55,54,54,55.6,71,74.3,72.7,71.6,70.5,70.6,71.1
Ghana,33.4,33.4,33.4,35.7,45.1,51.6,50.4,31.3,26.9,28.3,28.3,28.3,29,28.3,28.3,33.6,34.4,39.2,50,52.7,57.1,57.7,59,59,59.4,69.3,69.3,69.3,69.5,69.5,68.9,68.9,69.5,68.9,70.1,73.9,73.9,73.9,70.1,66.1,63.8,68.4,70.2,65.9,61
Guinea,12.2,12.2,12.2,12.2,12.2,12.2,12.1,12.1,12.1,12.1,31.6,31.3,30.6,32.8,34.1,35.7,41.8,43.7,44.7,43.4,43.4,43.4,43.4,43.4,44.7,44.8,44.8,44.8,46.9,44.1,44.8,44.8,44.1,43.7,37.8,50.8,51.9,52.1,55.9,55.9,55.5,55.1,54.5,50,50.4
Gambia,47.6,47.6,47.6,47.6,47.6,47.6,47,47.7,47.7,47.7,48.3,48.3,47.7,47.7,48.3,47.7,48.3,48.3,48.3,31.5,27.1,29,30.4,31.2,30.4,30.4,29.7,29.7,30.4,29.7,29.7,29.5,28.8,28.8,28.8,28.8,29.5,27.7,24.7,24.7,24.7,24,58.2,60.9,59.9
Guinea-Bissau,31.6,31.6,31.6,31.6,31.6,32,31.2,29.7,29.7,29.7,29.7,29.7,30.5,29.7,29.7,32.9,33.2,33.7,37.1,39.7,40.9,40.9,40.9,40.6,41.4,43,43,45.7,46.2,48.3,49.1,47.4,46.8,49.4,46.8,47.6,49.4,46.2,50.5,50.5,50.5,51.8,48.7,49.8,49.2
Equatorial Guinea,0.142,0.142,0.142,0.142,11.6,27.4,27.4,27.4,27.4,27.4,27.4,27.4,27.4,27.4,27.4,27.7,27.7,27.7,27.7,27.7,24,24,24,24,24,25.9,25.7,25.7,25.7,23.8,23.8,23.8,25.7,26.6,27.4,26.9,25.2,25.2,23.4,23.4,23.4,23.4,22.1,24.7,26.9
Greece,72.2,74.8,75.3,75.3,75.3,75.3,80,83.6,83.6,83.6,84.4,84.4,84.5,85.3,84.5,84.5,84.5,84.5,84.5,84.5,84.5,84.5,84.5,85.3,84.5,85.3,84.5,84.5,84.5,85.3,84.5,84.5,84.5,85.4,85.4,87.3,86.4,87.3,81.3,80.5,79.3,78.4,75.2,71.8,74.5
Guatemala,20.3,19.8,16.7,15.1,15.1,15.1,16,14.9,16,16.9,28.4,35.4,37.3,37.3,38,37.3,36.5,36.5,35.2,38.5,39.9,42.7,46.7,46.7,45.6,53.5,53.5,53.5,52.9,52.9,54.8,55.4,55.4,55.4,55.8,55.8,55.2,54.8,54.7,53.8,55.3,55.6,57.4,54.7,52.8
Honduras,31.2,31.2,31.2,31.2,31.2,40.4,41.7,43.9,43.9,43.9,43.9,46.1,46.5,46.5,46.5,47.8,47.8,48.4,47.8,48.4,50.5,51.6,51.6,51.6,51.4,52,52,51.4,52.9,52.9,52.9,54.6,55.2,55.2,45.2,49,50.7,50.7,55.3,55.3,55.1,55.1,53.2,50.5,48.8
Croatia,,,,,,,,,,,,,,,,,40.2,42.4,43.8,45,45.7,49.6,49.6,48.8,50.2,69.8,71,71.3,72,71.9,70.3,70.3,70,71.2,71.3,70.8,73.1,72.6,65.1,65.4,64.7,56.5,54.8,54.4,54.7
Haiti,19.6,18.7,18.5,17.6,18.5,15.4,17.2,17.2,16.5,17.5,18.5,28.1,45.3,45.3,45.8,45,48.2,37.4,37.4,38.8,52.8,52.8,56.8,57.6,56.8,55.2,54.6,54.3,52.3,52.5,55.1,59.8,61.9,60.8,59.3,60.3,60.3,57.8,57.1,57.1,57.1,61,57.5,58.7,58.8
Hungary,28.2,28.2,28.2,28.2,28.2,30.2,30.5,34.1,34.1,34.1,37.1,37.6,37.3,39.7,50.7,87.2,84.7,82.9,81.9,82.9,83.6,85.3,85.3,84.3,81.5,83.6,83.6,84,82.1,84.8,84.8,74.2,76.9,76.9,76.9,69.4,66,66,60.1,60,58.2,57.6,54.4,52.5,53.9
Indonesia,27.1,27.1,27.1,27.1,27.1,26.3,26.9,26.1,26.1,26.9,26.1,26.1,26.9,26.1,26.1,26.9,26.9,26.1,26.9,26.1,26.1,26.9,26.9,43.6,59.6,61.9,61.9,61.9,61.9,59.7,60.3,60.7,60.7,60.7,60.7,60.8,60.8,60.8,58.8,58.8,60.4,60.7,61.7,58.6,57.5
India,41.2,40.6,52.8,62.7,62.7,61.4,63.2,62.6,62.6,62.6,62.6,62.6,62.6,62.6,62.6,63,63,63,63,63,63,63,63,63,62.5,62.2,62.2,62.2,62.6,62.2,63.6,63.6,63.6,63.6,63.6,63.6,63.6,62.9,61.9,58.9,52,50.1,46.9,47.3,44
Ireland,64.4,64.4,64.4,64.4,64.4,64.4,64.2,68.8,68.8,68.8,69.7,69.7,69.7,69.7,69.7,75.9,77.9,77.9,77.2,77.2,77.2,79,79.5,79.5,79.5,82.5,81.7,81.7,81.7,81.7,81.7,81.7,82.9,82.9,82.9,82.9,82.9,84.6,82.4,80.7,81.6,81.6,81.5,81.6,80.4
Iran,25,25,25,26.9,31.4,22.5,17.3,15.5,15.5,17.4,18.9,18.9,18.9,19.8,24,26.3,26.3,26.3,27,27,27.7,29.4,35.5,38.8,39.2,38.6,38.1,38.1,38.1,38.1,31.8,30.3,30.3,30.3,29.1,28.5,28.5,28.5,30.5,30.5,30.5,29.9,34.9,31.4,30.7
Iraq,23.3,23.3,23.3,23.3,18.4,12.9,12.8,12.8,12.8,12.8,12.8,12.8,12.8,12.8,13.9,13.9,12.8,12.8,12.8,12.8,13.9,12.8,12.8,12.8,12.8,14,14,14,31.7,42.7,45.4,42,42,41.5,41.4,41.9,41.9,41.9,37.6,38.3,38.3,40.1,39.8,40.3,39.3
Iceland,67.3,67.3,67.3,67.3,67.3,68,68.6,68.6,68.6,68.6,68.6,69,70.5,70.5,70.5,72.6,72.6,72.6,72.6,72.6,72.6,76.2,76.2,76.2,76.2,76.5,76.5,76.5,76.5,76.5,74.5,73.8,73.8,74.5,74.5,74.5,74.5,73.8,73.2,73.2,75.1,73.8,75.7,75.8,71.8
Israel,63.7,63.7,64.6,64.6,64.6,64.6,64.4,64.4,64.4,64.4,62.8,63,61.5,63,63,63,63,63,63,63,63,63.7,63,62.4,62.4,62.4,63,62.8,62.1,62.1,62.1,62.1,62.8,61.4,62.1,61.1,61.1,62.1,59.4,59.4,58.7,57.5,56.2,56.1,60.7
Italy,66.3,67.9,67.9,67.9,67.9,73.4,77.6,77.6,77.6,77.6,77.6,76.8,77.6,77.6,77.6,76.8,82.8,82.8,82.8,82.8,82.8,82.8,82.8,82.8,82.8,80.9,80.9,80.3,80.3,80.3,79.2,80.9,79.9,78.8,78.8,78.8,78.8,80.9,79.3,79.3,79.3,79.3,77,78.2,75.4
Jamaica,56.6,56.6,56.6,56.6,56.6,57,59.3,60.1,60.1,59.3,60.1,61.5,60.6,61.5,61.5,63.8,66,66,66,66,67.5,66.7,68.1,68.1,68.1,68.4,69.8,69.8,69.8,68.4,68.4,69.1,69.1,68.3,69.1,68.1,68.8,68.8,75.5,75.5,75.5,75.5,76,72.8,74.8
Jordan,31,31,31,31,31,30.4,30.8,30.8,30.8,30.1,30.8,30.8,30.8,32.1,32.4,38.1,38.1,38.1,38.1,38.1,38.1,38.1,38.1,37.7,38.1,43.3,43.3,43.3,43.3,42.7,42.7,42.7,42.7,42.7,43.3,45.1,45.5,45.5,46.7,46.7,46.7,47.4,47.7,47,47.7
Japan,75.2,75.2,75.2,75.2,75.2,75.2,75.6,75.6,75.6,75.6,76.3,76.3,76.3,76.3,76.3,76.5,76.5,76.5,77.9,77.9,77.9,77.9,77.9,77.9,77.9,77.9,77.9,77.9,77.9,77.9,77.9,77.9,76.5,76.5,78,78,78,77.2,71.2,70.6,69,68.3,67.7,63.9,62.9
Kazakhstan,,,,,,,,,,,,,,,,,47.2,46.8,46.8,47.7,45.2,45.6,45.7,46.7,46.7,45.3,46.1,44.9,44.9,44.1,42.8,42.8,43.5,43.5,43,43.1,43,42.4,40.6,40.1,40.1,41.4,39.5,38.7,40.9
Kenya,32.9,32.9,32.9,33.3,33.7,32.7,33.5,32.4,31,28.5,27.5,27.5,27.5,27.5,26.7,32.5,34.2,37.6,45,44.9,47.7,48.3,48.3,48.3,48.3,51.5,51.5,52.8,58.3,58.9,58.4,58.4,58.4,58.4,57.8,62.8,62.8,62.8,62,62,62,63.6,58.7,59.7,59.2
Kyrgyz Republic,,,,,,,,,,,,,,,,,47.8,51.9,48.7,45.1,45.1,45.2,44.8,44.8,44.8,41.5,42.2,42.2,42,42.7,44.1,44.8,43.4,41.5,42.1,47.2,55.6,56.4,53.2,51.1,55.9,53,54.1,60,48.9
Cambodia,6.82,0.142,0.142,0.142,0.142,12.9,12.9,12.9,12.9,12.9,12.9,12.9,12.9,12.8,12.8,14,14,26.2,36.2,42.1,42.1,42.7,42.7,42.7,45.1,43.4,43,42.5,42.5,41.9,41.9,41.9,41.9,41.9,41.9,41.1,41.8,41.8,39.4,39.4,40.3,36.9,32.1,34.1,33.1
South Korea,29.7,29.7,29.7,29.7,29.7,41.6,31.4,31.4,33.7,35.8,37.5,39.3,46,59.1,60.5,61.2,61.2,61.9,68.4,68.4,68.4,68.4,68.4,70.3,71.9,76.5,76.5,76.5,76.5,76.5,76.5,76.5,76.5,64.5,64.5,64.5,63.9,64.5,59.9,59.5,60,59.1,75.1,79.2,80.4
Kuwait,44.4,42.5,41.2,41.2,41.2,40.6,42,43,43,43,41.6,39.5,39.5,40.9,40.9,33.4,35.8,46.3,47.1,47.1,47.1,45.9,47.1,48,47.1,46.3,46.3,46.3,46.6,45.8,45.8,46.4,45.7,44.7,44.7,44.4,44.4,43.2,43.2,43.2,43.2,43.2,44.6,44,44.6
Lao,17.2,8.37,8.37,8.37,8.37,8.37,8.29,8.29,8.29,8.29,8.29,5.89,9.55,9.55,9.55,9.55,9.55,9.55,9.55,9.55,9.55,9.55,9.55,9.55,9.55,9.55,9.55,9.55,9.55,9.55,9.55,9.55,9.55,12.7,13.5,13.5,13.5,11.8,13.5,13.5,11.1,11.1,5.89,5.89,5.89
Lebanon,46.3,42.5,42.5,42.5,42.5,42.5,42.5,42.5,42.5,42.5,42.5,42.5,42.5,42.5,42.5,41.9,42.2,41.9,41.9,41.9,41.9,41.9,41.9,41.9,41.9,40.1,42.2,41.6,40.9,40.9,47.7,52.1,52.1,53.3,53.8,51.9,53.1,54.3,53,53,52.3,51.1,51,49.6,48.4
Liberia,35.2,35.2,35.2,35.2,33.5,23.9,16.9,18.6,18.6,20,20.9,26.9,26.9,26.9,25.8,29.6,43.2,41.7,42.9,41.7,40.6,34.5,33.4,32,32.5,30.9,30.9,30.9,37.7,61.7,68,69.7,69.7,68.9,68.9,70.1,70.1,70.1,64.2,63.6,63.6,63.7,67.6,61.2,62.6
Libya,17.1,17.1,17.1,17.1,17.1,15.4,15.3,15.3,15.3,15.3,15.3,15.3,15.3,15.3,15.3,15.3,15.3,15.3,15.3,15.3,15.3,15.3,15.3,15.3,15.3,15.3,15.3,15.3,15.3,17,17,17,17,17,18.2,18.2,35,50.8,44,41.4,41.3,40.4,37.5,36.3,34.9
Sri Lanka,57.2,57.2,56,54.8,54.8,47.7,47.9,47.9,47,47,47,46.2,46.1,45.6,45.6,45.4,45.4,45.9,46.7,47,51.1,51.1,51.1,48.6,47.9,46.3,46.3,48.5,48.5,48.5,45.8,42.2,38.9,37.2,37.2,40.7,40.7,40.7,40.8,40.8,51.3,56.6,57.6,59.9,54.7
Lesotho,30.5,30.5,30.5,31.8,31.8,31.8,31,32.2,31.4,31,32.2,37.9,41.5,40.9,39.6,41.1,42.4,41.7,56.3,56.3,57.7,58.4,58.4,57,57.6,57.6,57.6,57.6,57.6,57.6,57.6,55.6,55.6,55.6,56.4,57.2,55.3,56.3,57.4,55,55.5,50.2,50.6,53.7,53.5
Lithuania,,,,,,,,,,,,,,,,,67.3,67.8,67.7,70.2,70.1,70.1,71.4,71.4,72.7,72.7,71.4,71.4,73.3,73.3,73,75.8,75.8,74.1,75.2,75,75,75.9,73.6,70.5,71,68.7,63.4,63.5,65
Luxembourg,79.3,79.3,79.3,79.3,79.3,79.3,79.7,79.7,79.7,79.7,79.7,79.7,79.7,79.7,79.7,79.1,79.1,79.1,79.1,79.1,79.1,79.1,79.1,77.2,79.1,79.1,79.1,79.1,79.1,79.1,79.1,79.1,79.1,79.1,79.1,79.1,79.1,79.1,79.1,79.1,79.1,79.1,78.2,78.4,79.1
Latvia,,,,,,,,,,,,,,,,,74.8,76,78.1,78.1,78.1,78.1,78.1,78.1,78.1,78.1,78.1,78.1,78.1,78.1,78.1,78.1,78.7,77.9,78.7,78,78,78.8,81,81,81,79.8,75.8,75.6,79.2
Morocco,27.6,27.6,27.6,27.6,27.6,29.3,29.7,29.7,29.7,29.7,29.7,29.1,30.9,30.9,30.2,34,35.5,37.5,37.5,37.5,37.5,36.8,36.8,38.5,39.4,43.9,44.8,44.8,44.8,44.2,44.2,44.8,44.2,44.2,44.2,46.3,49,49,50.2,50.2,49.1,49.6,48.1,49.9,46.5
Moldova,,,,,,,,,,,,,,,,,57.4,57.9,57.9,56.4,57.9,55.5,57.1,57.2,57.2,57.4,50.3,49.1,49.1,48.7,48.7,48.7,48.7,48.3,48.5,60.4,61.4,60.8,58,60.3,57.1,52.9,52.7,54.2,60.7
Madagascar,32.6,30.6,30.9,30.9,30.9,30.9,30.6,32.3,32.3,32.3,33.2,33.2,32.5,36.6,35.8,39.2,41.3,54.8,57.3,58.6,57.7,58.6,55.4,54.9,54.1,54.1,54.1,46.7,51.3,50.6,50.6,51.3,53.3,51.3,45.4,46.5,47.1,46.5,48.2,49.9,51.1,51.1,50.8,49.9,49.4
Mexico,47.3,47.3,49.7,49.7,49.7,49.7,49.8,50.4,49.8,49.8,50.4,50.4,50.4,50.5,50.5,52,52,52,53.5,55.8,56.8,56.8,56.8,56.8,56.8,60,60.7,60.7,60,60,60,59.5,57.3,56.3,56.3,56.3,56.3,56.3,56.4,55.9,58.5,57.9,58.1,62.9,56.7
North Macedonia,,,,,,,,,,,,,,,,,51.6,51.6,53.1,54,52.6,54.2,54.2,54.2,54.2,54.5,49.6,54.6,62.2,61.5,60.1,60.2,61.3,58.2,55.1,56.1,52.6,50.9,49,48.4,47.7,49.5,56,57.7,55.3
Mali,37.2,37.2,37.2,37.2,37.2,37.3,37.7,37.6,37.6,37.6,37.6,37.6,37.9,38.6,39.6,44.2,53.5,60,59,59,59,60,60,60,60,60,60,62.4,62.4,62.4,62.4,62.4,59.5,61.1,61.4,63,63,60.9,54,52.6,51.8,52.5,46.6,47.5,64.1
Myanmar,13.6,13.6,13.6,13.6,13.6,13.6,13.5,13.5,14.6,13.5,13.5,13.5,13.5,15.9,15.9,19.3,19.3,19.3,20.2,19.3,19.3,19.3,19.3,19.3,19.3,19.3,19.3,19.3,19.3,19.3,19.3,19.3,19.3,19.3,20.5,29.6,37.4,40.6,44.4,44.4,45.1,45.6,48,46.7,46.6
Mongolia,24.6,24.6,24.6,24.6,24.6,24.6,24.4,24.4,24.4,24.4,24.4,25.8,25.8,25.8,26.7,46.4,53.6,74.2,71,71.9,71.9,71.9,74.1,74.6,74.1,70.6,70.6,70.6,69.7,69.7,69.7,68.8,68.8,68.9,69.5,69.5,69.5,69.5,67.4,66.5,67.3,68.9,69.6,67.9,71.1
Mozambique,29.4,30.9,30.9,30.9,30.9,30.9,31.3,30.6,30.6,31.3,30.6,30.6,31.5,30.7,31.5,41.1,45.3,46.8,48.9,54.7,54.7,54.6,54,54.6,54,54,54.6,54.6,54.7,54.7,54.7,54.7,55.2,54.2,55.9,56.4,56.4,56.9,57.7,53.3,57.3,53.8,50.4,48,45.8
Mauritania,38.8,38.8,38.8,27.6,22.9,22.9,23.7,22.7,22.7,23.5,23.5,23.5,25.8,26.7,25.8,28,34.5,46,46,45.3,46.2,48.4,48.4,47.7,48.4,48.3,49.2,50.2,50.2,52.7,56.1,63.6,68.2,67.4,65.9,65.9,65.3,65.9,56,56.9,54.9,54.9,47.9,50.4,55.6
Mauritius,56.6,58.4,59.7,59.7,59.7,60.1,60.6,63.1,60.6,60.6,60.6,61.9,61.9,61.9,61.9,61.1,62.1,63.1,64.4,65.1,64.4,64.4,65.1,65.1,65.1,66.8,66.1,66.8,66.8,66.8,66.8,66.8,66.8,66.1,66.1,68.9,68.5,68.5,62.2,62.2,67.9,67.9,69.9,70.5,68.7
Malawi,0.142,0.142,0.142,0.142,0.142,0.142,0,0,3.33,0,3.33,3.33,0,3.33,3.33,0,3.33,7.49,23,40.4,49.3,49.3,49.3,49.3,49.3,50.8,50.8,50.8,50.8,50.8,53.3,52.9,53.3,53.3,52.6,50.9,52.6,54.1,60.4,60.4,61.9,61,58.1,60,61.1
Malaysia,35.1,35.1,35.1,34.1,34.1,34.1,34.6,33.8,34.6,33.8,34.6,33.8,34.6,34,34,33.2,34,34,33.2,33.2,34,34,34,34,37,38.2,39.3,39.3,39.5,44,44,45.7,45,43.3,44.6,44.6,42.8,42.8,43.6,43.6,43.6,43.6,44.6,48.4,50.5
Namibia,,,,,,,,,,,,,,,,60.1,67.7,67.7,67.1,67.7,67.7,67.1,67.1,67.7,67.1,67.2,65.5,66.6,66.6,66.6,66.6,66.6,65.5,66.6,65.5,66.6,66.6,66.1,69.1,69.1,69.1,66.7,63.5,65.3,65.3
Niger,27.3,27.3,27.3,27.3,27.2,27.4,28.2,27.1,27.1,27.1,27.1,27.1,27.1,36.9,40.7,52.3,56.1,53.5,55.7,55.7,58.3,54.1,51.9,50.7,55.9,57.8,57.8,58.7,58.7,58.7,56.8,56.8,56.8,56.8,57.2,64.3,64.4,64.4,65.9,64.5,64.5,64.5,60.5,61.5,59.3
Nigeria,41.2,41.2,41.2,43.1,48.2,48.2,48.4,49.3,44,38.2,39.5,39.5,38.9,39.5,38.9,38.9,38.9,37.7,38.9,38.9,37,37,37,44.2,60.1,60.1,60.1,60.1,59.4,60.1,59.4,60.1,59.4,60.1,59.4,59.2,59.6,59.9,61.6,61.6,59.2,60,59.2,60,53.5
Nicaragua,14.2,14.2,14.2,14.2,14.2,43.6,45.4,38.8,37.6,45.1,37.6,37.6,38.8,45.4,45.4,60.7,66.7,66.7,66.7,67.4,69.6,68.4,66.4,66.4,64.6,64.4,64.4,65.5,66.3,66.3,66.3,60.8,51.6,46.6,46,46,46,46,47.9,47.9,47.2,46.5,40.6,25.5,27.3
Netherlands,78.7,78.7,80.2,80.2,80.2,80.2,79.7,80.5,80.5,80.5,80.5,80.5,80.5,80.5,80.5,80.5,80.5,80.5,80.5,80.5,80.5,80.5,80.5,80.5,80.5,80.5,80.5,80.1,80.1,80.1,80.1,80.1,80.1,80.1,79.3,78.7,78.7,76.5,77.8,76.5,76.5,76.5,75.7,75,72.6
Norway,72.3,72.3,72.3,72.3,72.3,79,79.4,79.4,78.5,78.5,78.5,78.5,78.5,78.5,78.5,80.6,80.6,80.6,80.6,81.4,81.4,81.4,81.4,81.4,81.4,84.2,84.2,84.2,84.2,84.2,84.2,83.4,83.4,83.4,83.4,82.6,82.9,82.9,84.6,84.6,85.5,85.5,85,85,80
Nepal,31.3,31.3,31.3,31.3,31.3,33.8,34.2,34.2,34.2,33.6,34.2,34.2,34.2,34.2,34.2,57.1,65.1,65.1,63.7,65.1,63.2,57.2,57.2,54.6,54.6,50.2,48.9,45.1,42.7,44.1,43.5,47.2,64.3,65.4,66,65.2,65.2,65.6,61,61.5,61,61.2,60.8,59.8,54.7
New Zealand,76.5,76.5,76.5,76.5,76.5,77.1,73.9,75.3,76.5,81.7,83.9,83.9,83.9,83.9,83.9,83.9,83.9,83.9,83.9,83.9,83.9,83,83.9,83.9,83.9,83.9,83.9,83.9,83.9,83.9,83.9,83.9,83.9,83.9,83.9,85.7,85.7,85.7,84.6,84.5,84.6,84.6,84.6,79.7,82.2
Oman,23.7,23.7,23.7,23.7,23.7,22.6,22.5,22.5,24.3,24.9,24.9,24.9,24.9,24.9,25.7,25.7,25.7,25.7,25.7,26.7,27.4,26.7,26.7,26.7,26.7,26,26,26,26,26,26,26,26,26,26,26,29.4,29.8,29.8,29.4,30,30,32.2,32.8,32.8
Pakistan,41.9,40.6,40.6,35.6,30.2,30.2,29.6,28.7,28.7,28.7,30.6,30.6,31.4,36.6,51.7,51.7,50.7,50.7,50.7,50.7,50.7,49.8,51.3,52.6,51.7,53.7,53.7,51.5,51.3,56.9,56.2,56.8,55.8,56.1,56.7,56,55.3,55.3,55.4,55,53.1,47.5,42.5,44.7,43.3
Panama,31.3,31.3,31.3,31.3,31.3,30.4,31,27.9,28.1,28.3,28.3,27.9,27.9,27,27,67.7,68.4,67.7,69.3,70.8,70.8,70.8,70.8,71.5,70.8,70.8,70.8,71.6,71.6,71.6,71.6,72.3,72.3,71.6,69.1,69.1,69.1,69.1,67.4,67.4,69.1,69.1,61.1,62.3,65.3
Peru,30.9,34.7,35.7,35.7,43.7,52.4,61.6,61.6,60.9,60.9,60,60.7,58.7,60.7,60.7,54.2,51.6,43,35.2,35.2,35.2,35.2,35.2,35.2,35.2,44.7,70.1,69.3,69.3,68,68,66.4,64.6,66,66,66,66.3,67.1,68.2,67.6,68.1,67.5,68.9,69.6,69.6
Philippines,25,25,25,25,25,25,25.5,25.5,26,26,26.6,49.5,62.9,62.4,62.4,64.1,66.2,65.5,66.2,66.2,65.5,65.5,67.7,67.7,63.2,63,63.6,63.6,63,60.5,57.5,56.9,56.9,57.5,58.2,62.9,63.4,64.1,62.3,61.7,62.1,52.1,51.5,48.3,47.3
Papua New Guinea,59.3,59.3,59.3,59.3,59.3,59.1,59,59.6,59,59,59.6,59.6,59,59.6,59.4,58.7,58.7,59.4,58.7,58.7,58.7,59.4,59.4,59.4,59.4,59.4,59.4,59.4,59.4,59.4,59.4,59.4,59.4,59.4,59.4,59.4,58.9,58.9,58.9,58.2,58.2,58.2,55,55.6,60.2
Poland,28.2,28.2,28.2,28.2,28.2,36.5,36.4,23.9,26.6,34.7,34.7,35.6,35.6,36.4,54.7,83.6,82.8,82.8,82.8,83.6,82.8,82.8,82.8,83.6,82.8,82.8,82.8,82.8,82.8,83.6,82.8,79.9,79.9,89.2,89.2,84,84,84,83.8,83.8,83.8,56.8,54.8,56.6,56.2
North Korea,0.142,0.142,0.142,0.142,0.142,0.142,0,0,0,0,0,0,0,0,0,0,0,0,0,0,0,0,0,0,0,0,0,0,0,0,0,0,0,0,0,0,0,0,4.94,4.94,4.94,4.94,4.94,4.94,4.94
Portugal,75.4,78,81.6,81.6,81.6,81.6,81.9,81,81,81,81,82.8,82.8,81,82.8,82.8,83.8,82.8,83.8,83.8,83.8,83.8,83.8,83.8,83.8,83.8,83.8,83.8,83.8,83.8,83.8,83.8,83.8,83.8,83.8,83.8,83.8,83.8,81.7,81.7,83.9,85.2,85.4,82.7,83.5
Paraguay,15.6,15.6,15.6,15.6,15.6,15.6,15.5,16.4,16.4,15.5,16.4,16.4,16.4,16.4,20,52.4,51.8,55.2,57.6,57.1,57.1,57.8,57.8,57.8,57.8,58.7,58.7,58.7,58.7,59,59,59,59,60.3,62.3,64.5,64.5,60.6,57.4,57.4,58,54.2,56.5,57.7,57.7
Qatar,24,24,24,24,24,24,24,24,24,24,24,24,24,24,24,24,24,24,24,24.5,24.8,27.3,27.3,27.3,27.3,29,28.7,28.7,29.5,29.5,28.7,28.7,28.7,28.7,28.7,28.2,28.8,29.3,27.8,27.3,28,25.1,26.1,27.7,26.1
Romania,14.8,14.8,14.8,14.8,14.8,14.8,15.6,14.7,14.7,15.6,15.6,14.7,14.7,14.7,14.7,57.2,60,65.4,74.2,72.4,72.4,72.4,74.1,74.1,74.1,70.1,66.7,66.7,66.7,65.5,70.9,70.9,70.9,70.9,70.9,71.6,71.6,69.6,71.7,71.7,71.7,73.9,59.7,58.5,62.8
Russia,13.5,13.5,12.4,12.4,12.4,13.5,13.4,13.4,13.4,13.4,19.1,30.3,39.2,40.3,44.6,48.3,48.2,64.1,63.3,65.6,65,64,65,64,64,51.3,50.6,49,48.2,46.1,45.4,44.9,44.9,44.5,44.9,44.5,44.5,43.4,42,39.2,39.2,38.6,38,38.9,38.2
Rwanda,27.4,27.4,27.4,34,34.7,34.5,35,34.1,34.1,35,35,34.1,35,34.6,33.6,33.2,34.7,35.5,37.6,32.8,25.9,25,26,25,25,28.7,27.7,27.7,27.7,28.5,29.3,30.2,29.3,29.3,29.3,29.5,30.1,32.1,42.3,42.6,41.5,37.3,32.4,37.6,37.1
Saudi Arabia,20.1,20.1,20.1,20.1,20.9,20.9,21.5,20.8,20.8,20.8,21.5,21.5,20.8,21.5,20.8,21.5,21,21,22.4,21.7,21.8,22.3,22.3,23.9,24.8,27,27.5,27.5,26.7,26,25.7,26.7,25.4,26.3,26.3,26.3,26.3,27,25.9,25.9,25.4,25.4,24,23,24.2
Sudan,25.1,25.1,25.1,26,26,26.7,27.3,27.5,27.3,26.5,38.3,40.3,40.3,40.9,24,18.2,18.2,18.2,18.2,18.2,18.2,18.2,18.2,18.2,18.2,20.9,22,20.9,20.1,25.5,29,29,29,30.1,31.1,31.2,27.2,25.9,27.6,27.6,27.6,28.5,30.5,26.8,41.6
Senegal,48.5,50.4,50.4,50.4,50.4,50.4,52.3,53.3,53.3,53.1,53.1,53.1,53.1,53.1,53.1,53.1,56,56,56,56,56,56.9,56.9,56.9,56.9,57.9,62.8,62.8,62.8,63.5,62.8,62.8,62.1,62.4,62.4,64.2,64.2,63.8,72.2,72.7,73,70.8,70.2,68.6,70.4
Singapore,33.3,33.3,33.3,33.3,33.3,36.5,36.1,37,37,36.1,37,37,36.1,37,37,37.7,36.9,37.7,36.9,37.7,37.7,38.9,38.9,38.9,38.9,37.8,37.8,37.8,37.1,37.1,37.7,37.7,38.3,37.7,37.7,38.3,37.7,37.7,38.3,37.7,38.5,38.5,40.2,39.7,38.8
Sierra Leone,39.5,39.5,40.2,40,38.2,38.2,38.3,38.3,38.3,38.3,39.3,40.4,39.8,39.8,39.8,41.8,39.8,39.2,39.9,40.4,41.8,48,51.3,50.7,51.8,52.5,53.5,60.4,61.5,61.5,61.5,61.5,61.5,61.5,60.9,61.5,61.5,60.4,60.8,60.8,60.8,60.2,66,66.9,62.7
El Salvador,20.4,20.4,18.9,18.9,18.9,20.4,21.3,21.3,26.1,26.1,26.1,26.6,26.1,26.6,28.5,31.8,32.3,44,56.6,62.4,62.4,62.4,63.8,63.8,63.8,65,65,65,63.6,63.8,63.8,63.8,65.4,63.8,63.8,67,66.3,66.5,64.5,63.7,63.7,64.1,64.2,56.5,61.8
Somalia,14.6,14.6,14.6,14.6,14.6,14.6,14.5,14.6,14.6,14.6,14.6,15.5,14.6,14.6,14.6,16.1,25.1,31.4,33,33,34,34,34,34,34,38.4,38.3,38.3,38.3,38.3,36.5,36.5,36.5,36.5,37.6,41.8,41.8,43.6,41.5,41.5,41.5,38.3,36.6,40.2,35.4
Serbia,31.7,31.7,31.7,31.7,31.7,31.7,36.9,36.9,36.9,36.9,36.9,36.9,39.5,40,38.4,43.3,40.6,39.7,40.8,40.8,40.8,40.8,41.8,40.8,40.8,52.6,62.5,66.5,65.4,65.3,65.3,64.5,65.3,65.3,65.3,64.5,64.5,65,57.5,53.6,53.5,52.1,50.9,47.3,47.4
South Sudan,,,,,,,,,,,,,,,,,,,,,,,,,,,,,,,,,,,,,35.2,34.4,28.4,24.6,22.9,19.4,22.2,20.3,23
Slovak Republic,,,,,,,,,,,,,,,,,,,62.8,59.5,59.5,59.5,59.5,61.4,77.1,77.1,77.1,77.1,77.9,77.9,77.9,76.4,74.5,74.5,74.5,77.1,76.4,74.5,72.5,72.5,73.2,73.2,72.5,62,70.9
Slovenia,,,,,,,,,,,,,,,,,69.7,72.7,72.7,75.5,75.5,75.5,76.3,75.5,75.5,75.5,75.5,76.9,76.2,73.1,71.5,71.8,72.4,71.8,78.6,78.5,76.2,72.8,72.9,76.5,77.2,72.9,70.9,70.4,68.3
Sweden,79.9,79.9,79.9,79.9,79.9,79,79.4,79.4,79.4,79.4,79.4,79.4,79.4,79.4,80.4,82,82,82,80.3,79.9,79,79,79,79,79,79.8,78.8,78.8,78.8,78.8,78.8,78.8,80,80,80,80,80,80,81,81,81,82.9,81,77.2,80.8
Eswatini,30.4,30.4,30.4,30.4,30.4,28.7,28.4,29.4,28.4,28.4,28.4,28.4,28.4,28.4,28.4,29.3,29.3,30.3,29.3,29.3,30.1,29.5,30.4,29.5,29.5,30,33.5,32.8,32.8,32.8,32.8,33.5,32.8,32.2,32.2,32.2,32,32,34.1,34.1,34.1,34.1,35.6,35,31.6
Syria,5.98,5.98,5.98,5.98,5.98,5.98,5.89,5.89,9.85,9.85,9.85,9.85,9.85,9.85,9.85,9.85,12.3,13.9,13.9,13.9,13.9,13.9,13.9,13.9,13.9,20,21.3,18.8,18.8,20.3,14.6,14.6,14.6,14.6,14.6,13,15.2,15.2,12.3,11.4,11.4,12.3,12.3,13.2,14.1
Chad,27.3,27.3,27.3,27.3,27.3,25,25,17.9,17.9,17.7,17.7,15.3,16.6,15.3,15.3,25.4,37.5,38.8,38.8,40.5,38.8,40.5,40.5,38.8,38.8,38.8,38.8,38.8,38.8,38,36.8,36.8,36.2,36.8,37.5,37.5,39.9,37.5,41.2,40.1,40.4,39.6,37.3,37.8,36.6
Togo,25.3,25.3,25.3,25.3,25.3,25.3,24.9,27.4,27.4,27.4,27.4,27.4,27.4,28.6,28.6,28.5,38.6,40.2,40.4,40.8,40.8,40.4,41.1,40.4,40.4,41.2,41.2,41.2,41.8,41.8,48.5,53,53,54.9,54.9,54.2,55,54.3,55.8,55.9,56.7,57.6,57.8,51.9,52
Thailand,37.3,30.6,30.4,30.4,30.4,37.3,42.1,42.8,45.5,45.5,45.5,45.5,46,47.9,48.5,48.5,43.9,44.1,51,51,51,51,51,50.2,50.2,50.7,50.7,51.3,50.7,50.7,48.5,43.4,40.6,42.7,42.7,42.5,44.1,45.3,42.7,24.4,26.8,25.5,24.7,29.7,33
Tajikistan,,,,,,,,,,,,,,,,,52.6,27.4,15.2,13.7,16.9,17.5,18.7,34.3,35,37.8,42.2,43.4,42.6,37.4,35.6,36.9,36.2,35.3,35.3,36.1,36.8,36,35.4,33.4,27.2,26.5,26.8,24.1,28.2
Turkmenistan,,,,,,,,,,,,,,,,,31.4,28.9,26.2,24.4,19.4,19.4,13.6,13.6,13.6,12.2,12.2,12.2,12.2,12.2,12.2,12.2,15.2,15.2,15.2,15.2,13.4,13.4,13.2,13.2,13.2,12.3,15.3,18.4,17.6
Timor-Leste,,,,,,,,,,,,,,,,,,,,,,,,,,,,66,59.2,59.2,59.2,59.2,60.4,59.9,60.5,61.4,62.5,61.4,60.3,57.5,61.6,58.1,57.9,62.6,64.9
Trinidad and Tobago,63.5,64.1,64.1,64.1,64.1,66,66.4,64.5,64.5,64.5,64.5,64.8,65.4,65.4,66.1,66,66.7,66,64.7,66.7,66.5,64.4,66.4,66.4,66.4,67.8,67.8,67.8,67.8,67.8,67.5,67.5,67.5,65.5,67.5,67.8,67.1,65.8,66.4,67.6,68.1,68.7,69,70.1,66.1
Tunisia,32.5,32.9,33.5,33.5,33.5,33.5,33.8,33.8,33.2,33.8,33.2,33.2,33.8,32.7,33.7,32.1,32.1,32.7,32.7,32.1,32.1,32.7,32.1,32.1,32.7,32.1,32.7,32.7,32.1,32.1,32.1,32.1,32.1,30.8,30.8,32,59.6,62.6,60.3,59,59.8,61.3,59.4,59.4,59.4
Turkey,49.8,49.8,49.8,49.8,49.8,29.4,21.3,19.8,31.6,36.1,38.3,41.2,42.2,40.8,39,43.2,46.1,44.5,44.5,44.5,44.5,44,43.2,44,46.3,46.4,50,55.7,55.2,56,55.5,55.5,54,50.2,50.2,45.4,46,44.7,41.5,38.8,37.4,30,24.4,25.8,24.2
Taiwan,25.7,28.6,29,29.4,28.4,31.7,32.1,33.6,33.6,34.6,34.6,35.9,37.9,44,46.9,47.8,47.8,49.2,53.1,54.5,54.5,55.2,56.2,57.5,57.5,75.5,76.4,76.4,74.1,73.1,73.1,73.1,73.6,72.9,73,74.8,74.7,75.8,76.2,74.8,76.2,72.1,70.7,71.1,70.5
Tanzania,46.8,47.3,47.3,47.3,47.3,47.3,47.5,46.6,46.6,46.6,48.1,48.1,49.6,49.6,48.7,51.7,52.2,59.1,58,58,58.8,58.8,58.1,58.8,58.8,58.1,58.8,58.8,58.8,58.1,57.6,57.6,57.6,58.2,58.2,56.2,55.6,55.6,55.6,55.6,53.6,46.9,48.2,46.5,47.6
Uganda,21.9,21.9,21.9,21.9,23.5,33.5,34.1,33.4,33.4,32.5,32.9,37.5,44.2,46,46.5,46.5,46.5,46.5,48.9,50.3,51.3,51.3,51.3,51.3,51.3,51.8,51.3,52.3,52.3,52.3,52.3,51.8,51.2,51.2,51.8,51.2,51.8,51.8,50.3,50.3,48.9,43.7,47.3,44.6,41.9
Ukraine,,,,,,,,,,,,,,,,,57,59.8,60.7,63.7,63.3,63.9,62.9,57.6,57.6,52.4,51.6,51.6,50.2,52,60.8,65,66.7,66.7,66.9,62.9,62.4,62.3,63.4,48.4,47.6,46.1,46.9,45.8,48.7
Uruguay,18.2,15.8,15.8,15.8,17.1,21.4,22.2,21.3,21.3,26.6,59.1,79,79,79,79,78.9,80.2,80.2,80.2,79,80.2,81.3,81.3,84.1,84.1,83.3,84.2,84.2,84.2,83.3,85.3,86.2,86.2,86.2,86.2,86.2,86.2,86.2,85.4,85.4,78.4,78.4,80.3,80.3,80.9
United States,77.3,79.7,79.3,80.2,80.2,80.2,80.6,80.6,81.3,81.3,81.3,81.3,82.8,82.8,82.8,84.8,83.8,84.8,84.8,84.8,84.8,84.8,84.8,84.8,84.8,84.7,86,85.8,87.4,89.5,89.5,89.5,89.5,89.5,89.5,89.5,89.5,89.5,88.7,88.7,88.7,84.6,77.9,75.9,69.9
Uzbekistan,,,,,,,,,,,,,,,,,35.5,30,29.2,27.1,24.9,22.9,22.9,22.1,16.7,16.7,15.2,19.5,20.3,18.4,17.5,16.8,16.8,16.8,18.5,16.8,18.5,18.6,23.5,22.6,21.8,25.7,32.2,31.5,33.2
Venezuela,68.7,68.7,68.7,68.7,68,69.4,69.9,69.9,69.9,67.9,67.4,67.1,66.3,68.7,67.2,70.4,68.9,67.2,67.6,68.9,68.9,68.9,69.6,67.9,58.5,53.1,52.7,49,48.6,48,48.6,48.6,46.5,46.5,46.1,47.1,47.1,46.7,42.6,41.5,40,39.2,35.7,33.8,33.3
Vietnam,17.4,20,21.1,21.1,21.1,21.1,20.9,20.9,20.9,20.9,20.9,26.3,29.7,30,29.6,30.3,31,31.8,31.8,32.5,31.8,33.2,33.2,33.2,33.2,34.4,34.4,34.4,34.4,35.1,35.5,36.2,35.5,35.5,35.5,35.5,35.5,35.5,36.4,36.4,36.4,36.4,34.5,32.4,31.1
Yemen,28.8,28.8,28.4,25.1,24.1,24.7,25.3,24.5,24.5,25.3,24.5,22.9,23.7,25.3,25.3,31.4,42,41.5,41.5,40.8,41.2,41.8,41.8,41.8,41.8,41.2,41.8,40.6,40.6,40.6,41.4,41.4,41.4,41.4,41.4,41.4,39.6,50,47.9,39.2,23.3,23.3,21.2,22,26.2
South Africa,27.9,27.9,26.2,26.2,26.2,25.4,26,26,26,26,26,26,26.3,26,28.3,35.6,36.7,36.7,39.8,62,62.8,62.8,62.2,62.8,62.8,61.4,62.8,62.8,62.8,63.4,62.8,63.1,63.1,63.6,62.2,63.3,62.8,62.8,63.9,63.9,60.5,60.7,58.3,58.6,56.6
Zambia,36.7,36.7,36.7,36.7,36.7,36.7,37.1,37.1,37.1,37.1,37.1,37.1,37.1,37.1,37.1,38.9,51.5,56.5,57.1,57.1,57.1,57.1,57.1,57.1,57.1,57.1,57.1,56.7,56.7,56.7,60.5,60.5,60.5,59.4,58.9,58.6,58.3,58.3,54.4,54.1,53.2,53.2,50.4,47.6,53.3
Zimbabwe,15.9,15.9,15.9,15.9,18.8,40.2,43.2,42.6,42.6,41.8,41.1,41.1,42.6,43.2,43.2,39.9,39.9,39.9,39.9,38.8,39.9,39.6,40.3,39.6,37.3,33.3,26.9,26.1,26.1,25.4,25.4,24.2,24.2,24.2,27.4,33.8,34.4,34.4,36.1,32.3,31.8,28.3,29.8,37.4,32.8
