country,1959,1960,1961,1962,1963,1964,1965,1966,1967,1968,1969,1970,1971,1972,1973,1974,1975,1976,1977,1978,1979,1980,1981,1982,1983,1984,1985,1986,1987,1988,1989,1990,1991,1992,1993,1994,1995,1996,1997,1998,1999,2000,2001,2002,2003,2004,2005,2006,2007,2008,2009,2010,2011,2012,2013,2014,2015,2016,2017,2018,2019
Aruba,,,,,,,,,,,,,,,,,,,,,,,,,,,405M,488M,596M,695M,765M,872M,958M,1.08B,1.25B,1.32B,1.38B,1.53B,1.67B,1.72B,1.87B,1.92B,1.94B,2.02B,2.23B,2.33B,2.42B,2.62B,2.75B,2.5B,2.39B,2.55B,2.53B,2.73B,2.79B,2.96B,2.98B,3.09B,3.2B,,
Afghanistan,538M,549M,547M,751M,800M,1.01B,1.4B,1.67B,1.37B,1.41B,1.75B,1.83B,1.6B,1.73B,2.16B,2.37B,2.56B,2.95B,3.3B,3.7B,3.64B,3.48B,,,,,,,,,,,,,,,,,,,,,4.06B,4.52B,5.23B,6.21B,6.97B,9.75B,10.1B,12.4B,15.9B,17.8B,19.9B,20.1B,20.5B,19.1B,18.1B,18.8B,18.1B,18.8B,20.1B
Angola,,,,,,,,,,,,,,,,,,,,,5.93B,5.55B,5.55B,5.78B,6.13B,7.55B,7.07B,8.08B,8.77B,10.2B,11.2B,10.6B,8.31B,5.77B,4.44B,5.54B,7.53B,7.65B,6.51B,6.15B,9.13B,8.94B,15.3B,17.8B,23.6B,37B,52.4B,65.3B,88.5B,70.3B,83.8B,112B,128B,137B,146B,116B,101B,122B,101B,89.4B,58.4B
Albania,,,,,,,,,,,,,,,,,,,,,,,,,1.86B,1.9B,2.1B,2.08B,2.05B,2.25B,2.03B,1.1B,652M,1.19B,1.88B,2.39B,3.2B,2.26B,2.55B,3.21B,3.48B,3.92B,4.35B,5.61B,7.18B,8.05B,8.9B,10.7B,12.9B,12B,11.9B,12.9B,12.3B,12.8B,13.2B,11.4B,11.9B,13B,15.2B,15.4B,14.9B
Andorra,,,,,,,,,,,78.6M,89.4M,113M,151M,187M,220M,227M,254M,308M,412M,446M,389M,376M,328M,330M,347M,482M,611M,721M,795M,1.03B,1.11B,1.21B,1.01B,1.02B,1.18B,1.22B,1.18B,1.21B,1.24B,1.43B,1.55B,1.76B,2.36B,2.89B,3.16B,3.46B,3.95B,4.09B,3.67B,3.45B,3.63B,3.19B,3.19B,3.27B,2.79B,2.9B,3B,3.22B,3.16B,
United Arab Emirates,,,,,,,,,,,,,,,,14.7B,19.2B,24.9B,23.8B,31.2B,43.6B,49.3B,46.6B,42.8B,41.8B,40.6B,33.9B,36.4B,36.3B,41.5B,50.7B,51.6B,54.2B,55.6B,59.3B,65.7B,73.6B,78.8B,75.7B,84.4B,104B,103B,110B,124B,148B,181B,222B,258B,315B,254B,290B,351B,375B,390B,403B,358B,357B,386B,422B,417B,359B
Argentina,,,24.5B,18.3B,25.6B,28.3B,28.6B,24.3B,26.4B,31.3B,31.6B,33.3B,34.7B,52.5B,72.4B,52.4B,51.2B,56.8B,58.1B,69.3B,77B,78.7B,84.3B,104B,79.1B,88.4B,111B,111B,126B,76.6B,141B,190B,229B,237B,257B,258B,272B,293B,299B,284B,284B,269B,97.7B,128B,165B,199B,233B,288B,362B,333B,424B,530B,546B,552B,526B,595B,558B,644B,525B,452B,389B
Armenia,,,,,,,,,,,,,,,,,,,,,,,,,,,,,,,2.26B,2.07B,1.27B,1.2B,1.32B,1.47B,1.6B,1.64B,1.89B,1.85B,1.91B,2.12B,2.38B,2.81B,3.58B,4.9B,6.38B,9.21B,11.7B,8.65B,9.26B,10.1B,10.6B,11.1B,11.6B,10.6B,10.5B,11.5B,12.5B,13.6B,12.6B
American Samoa,,,,,,,,,,,,,,,,,,,,,,,,,,,,,,,,,,,,,,,,,,,512M,524M,509M,500M,493M,518M,560M,675M,573M,570M,640M,638M,643M,673M,671M,612M,639M,648M,709M
Antigua and Barbuda,,,,,,,,,,,,,,,,,,77.5M,87.9M,109M,131M,148M,164M,182M,208M,241M,290M,337M,399M,439M,459M,482M,499M,535M,589M,577M,634M,681M,728M,766M,826M,800M,814M,856M,920M,1.02B,1.16B,1.31B,1.37B,1.23B,1.15B,1.14B,1.2B,1.18B,1.25B,1.34B,1.44B,1.47B,1.61B,1.69B,1.37B
Australia,18.6B,19.7B,19.9B,21.5B,23.8B,26B,27.3B,30.4B,32.7B,36.7B,41.3B,45.2B,52.1B,63.8B,89B,97.3B,105B,110B,119B,135B,150B,177B,194B,177B,194B,181B,182B,189B,236B,300B,311B,326B,325B,312B,323B,368B,401B,435B,399B,389B,416B,379B,395B,467B,614B,695B,748B,854B,1.06TR,928B,1.15TR,1.4TR,1.55TR,1.58TR,1.47TR,1.35TR,1.21TR,1.33TR,1.43TR,1.39TR,1.33TR
Austria,6.59B,7.31B,7.76B,8.37B,9.17B,9.99B,10.9B,11.6B,12.4B,13.6B,15.4B,17.9B,22.1B,29.5B,35.2B,40.1B,43B,51.5B,62.1B,73.9B,82.1B,71B,71.3B,72.1B,68B,69.4B,99B,124B,133B,133B,166B,174B,195B,190B,204B,241B,237B,213B,218B,217B,197B,198B,214B,262B,301B,316B,336B,389B,432B,402B,392B,432B,409B,430B,443B,382B,396B,417B,455B,445B,433B
Azerbaijan,,,,,,,,,,,,,,,,,,,,,,,,,,,,,,,,,446M,1.57B,1.19B,2.42B,3.18B,3.96B,4.45B,4.58B,5.27B,5.71B,6.24B,7.28B,8.68B,13.2B,21B,33.1B,48.9B,44.3B,52.9B,66B,69.7B,74.2B,75.2B,53.1B,37.9B,40.9B,47.1B,48.2B,42.6B
Burundi,196M,203M,214M,233M,261M,159M,165M,178M,183M,190M,243M,253M,247M,304M,345M,421M,448M,548M,610M,782M,920M,969M,1.01B,1.08B,987M,1.15B,1.2B,1.13B,1.08B,1.11B,1.13B,1.17B,1.08B,939M,925M,1B,869M,973M,894M,808M,870M,877M,825M,785M,915M,1.12B,1.27B,1.36B,1.61B,1.78B,2.03B,2.24B,2.33B,2.45B,2.71B,3.1B,2.73B,2.75B,2.67B,2.63B,2.84B
Belgium,11.7B,12.4B,13.3B,14.3B,16B,17.4B,18.7B,20B,21.4B,23.7B,26.7B,29.8B,37.2B,47.7B,56B,65.7B,71.1B,82.8B,101B,116B,127B,105B,92.1B,87.2B,83.3B,86.3B,120B,149B,162B,164B,205B,211B,235B,225B,245B,288B,279B,253B,259B,258B,237B,237B,258B,318B,369B,386B,408B,471B,517B,483B,481B,523B,496B,522B,535B,462B,476B,503B,543B,535B,522B
Benin,226M,236M,236M,254M,270M,290M,303M,306M,326M,331M,334M,335M,410M,504M,555M,677M,698M,750M,929M,1.19B,1.41B,1.29B,1.27B,1.1B,1.05B,1.05B,1.34B,1.56B,1.62B,1.5B,1.96B,1.99B,1.7B,2.27B,1.6B,2.17B,2.36B,2.27B,2.46B,3.68B,3.52B,3.67B,4.19B,5.35B,6.19B,6.57B,7.03B,8.17B,9.79B,9.74B,9.54B,10.7B,11.1B,12.5B,13.3B,11.4B,11.8B,12.7B,14.3B,14.4B,15.7B
Burkina Faso,330M,350M,380M,394M,410M,423M,434M,451M,460M,478M,458M,482M,579M,675M,751M,940M,977M,1.13B,1.48B,1.75B,1.93B,1.78B,1.75B,1.6B,1.46B,1.55B,2.04B,2.37B,2.62B,2.62B,3.1B,3.14B,3.36B,3.2B,1.9B,2.38B,2.59B,2.45B,2.8B,3.39B,2.97B,3.19B,3.62B,4.74B,5.45B,6.15B,6.55B,7.63B,9.45B,9.45B,10.1B,12.1B,12.6B,13.4B,13.9B,11.8B,12.8B,14.1B,15.9B,16.2B,17.9B
Bangladesh,4.27B,4.82B,5.08B,5.32B,5.39B,5.91B,6.44B,7.25B,7.48B,8.47B,8.99B,8.75B,6.29B,8.09B,12.5B,19.4B,10.1B,9.65B,13.3B,15.6B,18.1B,20.2B,18.5B,17.6B,18.9B,22.3B,21.8B,24.3B,26.6B,28.8B,31.6B,31B,31.7B,33.2B,33.8B,37.9B,46.4B,48.2B,50B,51.3B,53.4B,54B,54.7B,60.2B,65.1B,69.4B,71.8B,79.6B,91.6B,102B,115B,129B,133B,150B,173B,195B,221B,250B,274B,303B,323B
Bulgaria,,,,,,,,,,,,,,,,,,,,,19.8B,19.9B,19.3B,16.6B,17.6B,17.2B,20.2B,28.1B,22.6B,22B,20.6B,10.9B,10.4B,10.8B,9.7B,19B,12.3B,11.3B,15B,13.6B,13.2B,14.2B,16.4B,21.1B,26.2B,29.9B,34.4B,44.4B,54.4B,52B,50.7B,57.7B,54.3B,55.8B,57.1B,50.8B,54B,59.2B,66.4B,68.9B,69.9B
Bahrain,,,,,,,,,,,,,,,,,,,,,3.07B,3.47B,3.65B,3.74B,3.91B,3.65B,3.05B,3.39B,3.7B,3.86B,4.23B,4.62B,4.75B,5.2B,5.57B,5.85B,6.1B,6.35B,6.18B,6.62B,9.06B,8.98B,9.59B,11.1B,13.2B,16B,18.5B,21.7B,25.7B,22.9B,25.7B,28.8B,30.7B,32.5B,33.4B,31.1B,32.2B,35.5B,37.8B,38.7B,34.7B
Bahamas,170M,190M,212M,238M,267M,300M,340M,390M,445M,528M,538M,573M,591M,671M,632M,596M,642M,713M,832M,1.14B,1.34B,1.43B,1.58B,1.73B,2.04B,2.32B,2.47B,2.71B,2.82B,3.06B,3.17B,3.11B,3.11B,3.09B,3.26B,3.43B,3.61B,6.33B,6.83B,7.68B,8.08B,8.32B,8.88B,8.87B,9.06B,9.84B,10.2B,10.6B,10.5B,9.98B,10.1B,10.1B,10.7B,10.5B,11.1B,11.9B,12B,12.4B,12.8B,13.2B,9.91B
Bosnia and Herzegovina,,,,,,,,,,,,,,,,,,,,,,,,,,,,,,,,,,,1.26B,1.87B,2.79B,3.67B,4.12B,4.69B,5.57B,5.8B,6.73B,8.5B,10.2B,11.2B,12.9B,15.8B,19.1B,17.6B,17.2B,18.6B,17.2B,18.2B,18.6B,16.2B,16.9B,18.1B,20.2B,20.2B,19.9B
Belarus,,,,,,,,,,,,,,,,,,,,,,,,,,,,,,,21.6B,18B,17B,16.3B,14.9B,14B,14.8B,14.1B,15.2B,12.1B,12.7B,12.4B,14.6B,17.8B,23.1B,30.2B,37B,45.3B,60.8B,50.9B,57.2B,61.8B,65.7B,75.5B,78.8B,56.5B,47.7B,54.7B,60B,64.4B,60.3B
Belize,28.1M,30M,31.9M,33.7M,36.2M,40.1M,44.4M,47.4M,44.9M,47.3M,53.2M,59.2M,66.1M,78.3M,103M,118M,96.9M,118M,136M,152M,198M,196M,182M,192M,214M,213M,232M,281M,320M,369M,412M,445M,519M,560M,581M,620M,642M,655M,689M,733M,832M,868M,925M,984M,1.05B,1.1B,1.21B,1.27B,1.35B,1.32B,1.38B,1.46B,1.52B,1.58B,1.67B,1.72B,1.79B,1.86B,1.92B,1.98B,1.64B
Bermuda,84.5M,89.2M,94.1M,96.4M,108M,114M,134M,155M,150M,165M,186M,211M,235M,270M,313M,345M,386M,447M,476M,517M,613M,739M,786M,889M,986M,1.04B,1.17B,1.3B,1.42B,1.5B,1.59B,1.63B,1.68B,1.82B,1.87B,2.03B,2.7B,2.93B,3.13B,3.32B,3.48B,3.68B,3.94B,4.19B,4.48B,4.87B,6.14B,6.77B,6.98B,6.66B,6.63B,6.31B,6.38B,6.47B,6.41B,6.65B,6.9B,7.14B,7.22B,7.48B,6.84B
Bolivia,374M,407M,445M,479M,539M,604M,669M,756M,858M,930M,1.02B,1.1B,1.26B,1.26B,2.1B,2.4B,2.73B,3.23B,3.76B,4.42B,4.53B,5.87B,5.59B,5.42B,6.17B,5.38B,3.96B,4.32B,4.6B,4.72B,4.87B,5.34B,5.64B,5.73B,5.98B,6.72B,7.4B,7.93B,8.5B,8.29B,8.4B,8.14B,7.91B,8.08B,8.77B,9.55B,11.5B,13.1B,16.7B,17.3B,19.6B,24B,27.1B,30.7B,33B,33B,33.9B,37.5B,40.3B,40.9B,36.6B
Brazil,17B,17.3B,19.2B,23.3B,21B,22.5B,28.3B,31.1B,33.9B,37.2B,42.3B,48.9B,58.4B,83.6B,110B,129B,153B,176B,200B,221B,237B,258B,271B,190B,188B,211B,256B,283B,308B,347B,391B,343B,328B,368B,525B,769B,850B,883B,864B,600B,655B,560B,510B,558B,669B,892B,1.11TR,1.4TR,1.7TR,1.67TR,2.21TR,2.62TR,2.47TR,2.47TR,2.46TR,1.8TR,1.8TR,2.06TR,1.92TR,1.88TR,1.44TR
Barbados,,,,,,,,,,,,,,,312M,402M,436M,495M,553M,670M,1.01B,1.11B,1.16B,1.24B,1.35B,1.41B,1.55B,1.7B,1.81B,2.01B,2.01B,2.02B,1.96B,2.06B,2.15B,2.22B,2.36B,2.5B,2.82B,2.95B,3.06B,3.05B,3.11B,3.21B,3.44B,3.82B,4.22B,4.67B,4.79B,4.47B,4.53B,4.66B,4.61B,4.68B,4.7B,4.71B,4.83B,4.98B,5.09B,5.21B,4.42B
Brunei,,,,,,114M,133M,139M,161M,161M,179M,198M,271M,433M,1.07B,1.17B,1.42B,1.73B,1.94B,2.8B,4.93B,4.37B,4.26B,3.84B,3.78B,3.52B,2.36B,2.75B,2.69B,2.99B,3.52B,3.7B,4.18B,4.11B,4.09B,4.73B,5.12B,5.2B,4.05B,4.6B,6B,5.6B,5.84B,6.56B,7.87B,9.53B,11.5B,12.2B,14.4B,10.7B,13.7B,18.5B,19B,18.1B,17.1B,12.9B,11.4B,12.1B,13.6B,13.5B,12B
Bhutan,,,,,,,,,,,,,,,,,,,,,129M,139M,141M,157M,160M,163M,191M,243M,272M,265M,288M,240M,240M,226M,259M,290M,303M,352M,363M,399M,424M,461M,521M,604M,683M,797M,875M,1.17B,1.23B,1.23B,1.55B,1.78B,1.78B,1.76B,1.91B,2B,2.16B,2.45B,2.45B,2.54B,2.32B
Botswana,30.4M,32.9M,35.6M,38.1M,41.6M,45.8M,51.5M,58.6M,66.2M,77.4M,96.2M,127M,164M,244M,306M,355M,372M,452M,590M,820M,1.06B,1.07B,1.01B,1.17B,1.24B,1.11B,1.39B,1.97B,2.64B,3.08B,3.79B,3.94B,4.15B,4.16B,4.26B,4.73B,4.85B,5.02B,4.79B,5.48B,5.79B,5.49B,5.44B,7.51B,8.96B,9.92B,10.1B,10.9B,10.9B,10.3B,12.8B,15.4B,14.4B,14.9B,15.7B,13.6B,15.1B,16.1B,16.9B,16.6B,15.1B
Central African Republic,112M,123M,124M,129M,142M,151M,158M,164M,192M,188M,189M,201M,230M,271M,281M,379M,451M,507M,611M,701M,797M,695M,748M,659M,638M,865M,1.12B,1.2B,1.26B,1.23B,1.44B,1.38B,1.41B,1.28B,851M,1.12B,1.01B,938M,967M,999M,915M,932M,991M,1.14B,1.27B,1.34B,1.46B,1.7B,1.99B,2.06B,2.14B,2.44B,2.51B,1.69B,1.89B,1.7B,1.83B,2.07B,2.22B,2.22B,2.38B
Canada,40.5B,40.9B,42.2B,45B,49.4B,54.5B,61.1B,65.7B,71.8B,79.1B,87.9B,99.3B,113B,131B,160B,174B,207B,212B,219B,243B,274B,306B,314B,341B,355B,365B,377B,431B,507B,565B,594B,610B,592B,577B,578B,604B,629B,655B,634B,678B,745B,739B,761B,896B,1.03TR,1.17TR,1.32TR,1.47TR,1.55TR,1.37TR,1.62TR,1.79TR,1.83TR,1.85TR,1.81TR,1.56TR,1.53TR,1.65TR,1.73TR,1.74TR,1.65TR
Channel Islands,,,,,,,,,,,,,,,,,,,,,,,,,,,,,,,,,,,,,,,5.95B,6.26B,6.44B,6.23B,6.66B,7.33B,8.55B,8.83B,9.68B,11.5B,,,,,,,,,,,,,
Switzerland,9.52B,10.7B,11.9B,13.1B,14.5B,15.3B,16.5B,17.7B,18.9B,20.5B,,,,,,,,,,,123B,112B,115B,115B,110B,111B,159B,199B,216B,208B,266B,269B,280B,272B,302B,353B,340B,295B,304B,299B,280B,287B,310B,363B,406B,421B,444B,494B,570B,558B,603B,722B,692B,713B,734B,702B,696B,704B,736B,732B,752B
Chile,4.11B,4.61B,5.42B,5.67B,5.98B,6.03B,7.07B,7.01B,7.17B,8.38B,9.13B,10.9B,11.9B,16.8B,16.2B,7.62B,10.3B,14B,16B,21.8B,29B,34.5B,25.3B,20.4B,19.6B,17.7B,18.9B,22.3B,26B,29.9B,33.1B,37.8B,46B,49.3B,57B,73.4B,78B,85B,81.6B,75.2B,77.9B,71B,69.7B,75.6B,99.2B,123B,155B,174B,180B,172B,219B,252B,267B,278B,261B,244B,250B,277B,298B,279B,253B
China,59.7B,50.1B,47.2B,50.7B,59.7B,70.4B,76.7B,72.9B,70.8B,79.7B,92.6B,99.8B,114B,139B,144B,163B,154B,175B,150B,178B,191B,196B,205B,231B,260B,309B,301B,273B,312B,348B,361B,383B,427B,445B,564B,735B,864B,962B,1.03TR,1.09TR,1.21TR,1.34TR,1.47TR,1.66TR,1.96TR,2.29TR,2.75TR,3.55TR,4.59TR,5.1TR,6.09TR,7.55TR,8.53TR,9.57TR,10.5TR,11.1TR,11.2TR,12.3TR,13.9TR,14.3TR,14.7TR
Cote d'Ivoire,546M,618M,645M,761M,921M,920M,1.02B,1.08B,1.28B,1.36B,1.46B,1.58B,1.85B,2.51B,3.07B,3.89B,4.66B,6.27B,7.9B,9.14B,10.2B,8.43B,7.57B,6.84B,6.84B,6.98B,9.16B,10.1B,10.3B,9.76B,10.8B,10.5B,11.2B,11B,8.31B,11B,18.1B,18B,19.6B,18.9B,16.6B,16.8B,18.1B,21.3B,23.5B,24B,25.3B,28.8B,34.1B,33.9B,34.9B,36.7B,36.3B,42.8B,48.8B,45.8B,48B,51.6B,58B,58.5B,61.3B
Cameroon,614M,653M,694M,718M,777M,814M,851M,936M,1.05B,1.1B,1.15B,1.24B,1.5B,1.9B,2.16B,2.86B,2.9B,3.39B,4.66B,5.92B,6.67B,6.61B,6.61B,6.87B,7.31B,8.54B,11.9B,13B,12.2B,11B,12.3B,11.8B,12.1B,16.2B,8.9B,10.9B,11.1B,10.8B,11.3B,11.6B,10.6B,11B,12.4B,16B,18.8B,19.5B,20.9B,23.9B,27.7B,27.9B,27.5B,30.6B,30.2B,33.7B,36.4B,32.2B,33.8B,36.1B,40B,39.7B,40.8B
"Congo, Dem. Rep.",3.36B,3.09B,3.78B,6.21B,2.88B,4.04B,4.53B,3.38B,3.91B,5.03B,4.88B,5.59B,6.17B,7.87B,9.6B,10.2B,9.65B,12.3B,15.4B,15.1B,14.4B,12.5B,13.7B,11B,7.86B,7.2B,8.1B,7.66B,8.86B,9.02B,9.35B,9.63B,8.23B,10.7B,5.84B,5.65B,5.77B,6.09B,6.22B,4.71B,19.1B,7.44B,8.73B,8.94B,10.3B,12B,14.5B,16.7B,19.8B,18.6B,21.6B,25.8B,29.3B,32.7B,35.9B,37.9B,37.1B,38B,47.1B,50.4B,48.7B
"Congo, Rep.",132M,152M,167M,172M,186M,198M,221M,237M,251M,265M,275M,322M,411M,542M,585M,767M,755M,765M,879M,1.2B,1.71B,1.99B,2.16B,2.1B,2.19B,2.16B,1.85B,2.3B,2.21B,2.39B,2.8B,2.72B,2.93B,2.68B,1.77B,2.12B,2.54B,2.32B,1.95B,2.35B,3.23B,2.8B,3.03B,3.5B,4.66B,6.65B,8.07B,8.77B,11.6B,9.68B,13.1B,15.6B,17.7B,18B,17.9B,11.9B,10.2B,11.1B,13.7B,12.8B,10.2B
Colombia,4.03B,4.54B,4.96B,4.84B,5.97B,5.76B,5.43B,5.83B,5.96B,6.45B,7.2B,7.82B,8.67B,10.3B,12.4B,13.1B,15.3B,19.5B,23.3B,27.9B,33.4B,36.4B,39B,38.7B,38.3B,34.9B,34.9B,36.4B,39.2B,39.5B,47.8B,49.2B,58.4B,66.4B,81.7B,92.5B,97.2B,107B,98.4B,86.2B,99.9B,98.2B,98B,94.6B,117B,146B,162B,206B,242B,232B,287B,335B,371B,382B,381B,293B,283B,312B,334B,323B,271B
Comoros,,,,,,,,,,,,,,,,,,,,,212M,196M,184M,192M,185M,197M,279M,338M,357M,341M,430M,424M,457M,453M,319M,398M,396M,364M,370M,382M,351M,379M,426M,547M,634M,654M,698M,796M,916M,905M,908M,1.02B,1.02B,1.12B,1.15B,966M,1.01B,1.08B,1.19B,1.19B,1.24B
Cape Verde,,,,,,,,,,,,,,,,,,,,,142M,139M,141M,138M,132M,138M,191M,235M,264M,267M,307M,320M,357M,490M,407M,487M,502M,491M,522M,592M,539M,563M,621M,814M,924M,972M,1.11B,1.51B,1.79B,1.71B,1.66B,1.87B,1.74B,1.85B,1.86B,1.6B,1.66B,1.77B,1.97B,1.98B,1.7B
Costa Rica,508M,490M,479M,512M,543M,593M,647M,699M,774M,854M,985M,1.08B,1.24B,1.53B,1.67B,1.96B,2.41B,3.07B,3.52B,4.04B,4.83B,2.62B,2.61B,3.15B,3.66B,3.92B,4.42B,4.53B,4.61B,5.25B,5.71B,7.2B,8.56B,9.58B,10.5B,11.6B,11.7B,12.6B,13.7B,14.3B,15B,16B,16.6B,17.3B,18.6B,20B,22.7B,26.9B,30.8B,30.7B,37.7B,42.8B,47.2B,50.9B,52B,56.4B,58.8B,60.5B,62.4B,64.1B,61.8B
Cuba,,,,,,,,,,,5.69B,6.91B,8.14B,9.99B,11.4B,13B,13.8B,14.2B,17.8B,19.6B,19.9B,20.2B,21B,22.2B,24B,22.9B,24.2B,25.2B,27.5B,27B,28.6B,24.3B,22.1B,22.4B,28.4B,30.4B,25B,25.4B,25.7B,28.4B,30.6B,31.7B,33.6B,35.9B,38.2B,42.6B,52.7B,58.6B,60.8B,62.1B,64.3B,69B,73.1B,77.1B,80.7B,87.1B,91.4B,96.9B,100B,103B,107B
Cayman Islands,,,,,,,,,,,,,,,,,,,,,,,,,,,,,,,,,,,,,,,,,,,,,,,4.2B,4.47B,4.59B,4.28B,4.16B,4.19B,4.29B,4.41B,4.56B,4.71B,4.91B,5.17B,5.52B,5.94B,5.59B
Cyprus,,,,,,,,,,,,,,,,490M,576M,735M,964M,1.29B,2.15B,2.09B,2.16B,2.16B,2.28B,2.43B,3.09B,3.7B,4.28B,4.56B,5.59B,5.77B,6.91B,6.59B,7.43B,9.93B,10B,9.55B,10.2B,10.5B,9.99B,10.4B,11.4B,14.5B,17.3B,18.4B,20.1B,24B,27.8B,25.9B,25.7B,27.6B,25B,23.9B,23.2B,19.8B,21B,22.9B,25.5B,25.8B,24.6B
Czech Republic,,,,,,,,,,,,,,,,,,,,,,,,,,,,,,,40.7B,29.9B,34.8B,40.9B,47.9B,60.1B,67.4B,62.2B,66.8B,65.2B,61.8B,67.8B,82.2B,100B,120B,137B,156B,190B,237B,207B,209B,230B,209B,212B,209B,188B,196B,219B,249B,252B,245B
Germany,,,,,,,,,,,216B,250B,300B,398B,445B,491B,520B,600B,740B,881B,950B,800B,777B,771B,725B,733B,1.05TR,1.3TR,1.4TR,1.4TR,1.77TR,1.87TR,2.13TR,2.07TR,2.21TR,2.59TR,2.5TR,2.21TR,2.24TR,2.19TR,1.95TR,1.95TR,2.08TR,2.5TR,2.81TR,2.85TR,2.99TR,3.43TR,3.75TR,3.41TR,3.4TR,3.75TR,3.53TR,3.73TR,3.89TR,3.36TR,3.47TR,3.69TR,3.98TR,3.89TR,3.85TR
Djibouti,,,,,,,,,,,,,,,,,,,,,,,,,,341M,,373M,396M,409M,452M,462M,478M,466M,492M,498M,494M,503M,514M,536M,551M,572M,591M,622M,666M,709M,769M,848M,999M,1.05B,1.13B,1.24B,1.35B,2.04B,2.21B,2.43B,2.6B,2.75B,3.01B,3.32B,3.38B
Dominica,,,,,,,,,,,,,,,,,,45.9M,57.1M,55M,72.8M,82.1M,89.5M,98.7M,109M,119M,135M,152M,171M,185M,201M,220M,234M,246M,264M,275M,292M,303M,322M,332M,333M,340M,333M,343M,367M,364M,390M,421M,458M,489M,494M,501M,486M,498M,520M,541M,576M,520M,551M,612M,504M
Denmark,,,,,,,11.9B,13.1B,13.5B,15.4B,17.1B,19.1B,23.2B,30.7B,34.2B,40.5B,44.6B,49.8B,60.4B,70.4B,71.1B,61.9B,60.4B,60.6B,59.1B,62.7B,88.1B,109B,116B,112B,138B,139B,153B,143B,156B,185B,188B,174B,177B,178B,164B,165B,179B,218B,251B,264B,283B,319B,353B,321B,322B,344B,327B,344B,353B,303B,313B,332B,357B,348B,356B
Dominican Republic,672M,654M,824M,941M,1.03B,888M,984M,1.03B,1.08B,1.23B,1.49B,1.67B,1.99B,2.34B,2.93B,3.6B,3.95B,4.59B,4.73B,5.5B,6.76B,7.56B,8.27B,9.22B,11.6B,5.04B,6.12B,5.83B,5.37B,6.69B,7.07B,9.82B,11.6B,13.1B,14.6B,16.6B,18.2B,20B,21.7B,22.1B,24.3B,25.6B,27.1B,21.4B,22.3B,35.8B,37.9B,44B,48.1B,48.3B,53.9B,58B,60.7B,62.7B,67.2B,71.2B,75.7B,80B,85.6B,88.9B,78.8B
Algeria,2.72B,2.43B,2B,2.7B,2.91B,3.14B,3.04B,3.37B,3.85B,4.26B,4.86B,5.08B,6.77B,8.71B,13.2B,15.6B,17.7B,21B,26.4B,33.2B,42.3B,44.3B,45.2B,48.8B,53.7B,57.9B,63.7B,66.7B,59.1B,55.6B,62B,45.7B,48B,49.9B,42.5B,41.8B,46.9B,48.2B,48.2B,48.6B,54.8B,54.7B,56.8B,67.9B,85.3B,103B,117B,135B,171B,137B,161B,200B,209B,210B,214B,166B,160B,170B,175B,172B,145B
Ecuador,2.07B,1.75B,1.52B,1.82B,2.24B,2.39B,2.43B,2.55B,2.58B,3.11B,2.86B,2.75B,3.19B,3.89B,6.6B,7.73B,9.09B,11B,11.9B,14.2B,17.9B,21.8B,19.9B,17.2B,16.9B,17.1B,15.3B,13.9B,13.1B,13.9B,15.2B,17B,18.1B,18.9B,22.7B,24.4B,25.2B,28.2B,28B,19.6B,18.3B,24.5B,28.5B,32.4B,36.6B,41.5B,46.8B,51B,61.8B,62.5B,69.6B,79.3B,87.9B,95.1B,102B,99.3B,99.9B,104B,108B,108B,98.8B
Egypt,,,,,,4.95B,5.28B,5.61B,5.93B,6.52B,8.04B,8.61B,9.3B,10.1B,9.23B,11.6B,13.3B,14.4B,14.8B,18B,21.7B,22.1B,27.7B,31B,34B,39.1B,41.3B,40.5B,35B,39.8B,43B,37.4B,41.9B,46.6B,51.9B,60.2B,67.6B,78.4B,84.8B,90.7B,99.8B,96.7B,85.1B,80.3B,78.8B,89.6B,107B,130B,163B,189B,219B,236B,279B,288B,306B,329B,332B,236B,250B,303B,365B
Eritrea,,,,,,,,,,,,,,,,,,,,,,,,,,,,,,,,,477M,468M,532M,578M,694M,686M,746M,689M,706M,752M,729M,870M,1.11B,1.1B,1.21B,1.32B,1.38B,1.86B,1.59B,2.07B,,,,,,,,,
Spain,12.1B,13.8B,16.1B,19.1B,21.3B,24.8B,28.7B,31.6B,31.5B,36B,41B,46.6B,59.1B,78.6B,97.3B,115B,119B,132B,161B,215B,233B,203B,196B,171B,172B,181B,251B,319B,376B,415B,537B,577B,631B,525B,531B,615B,643B,590B,619B,635B,598B,628B,709B,907B,1.07TR,1.15TR,1.26TR,1.47TR,1.63TR,1.49TR,1.42TR,1.48TR,1.32TR,1.36TR,1.37TR,1.2TR,1.23TR,1.31TR,1.42TR,1.39TR,1.28TR
Estonia,,,,,,,,,,,,,,,,,,,,,,,,,,,,,,,,,,,,4.5B,4.79B,5.15B,5.67B,5.76B,5.69B,6.25B,7.37B,9.87B,12.1B,14.1B,17B,22.4B,24.3B,19.6B,19.5B,23.2B,23B,25.1B,26.6B,22.9B,24.1B,26.9B,30.5B,31B,30.7B
Ethiopia,,,,,,,,,,,,,,,,,,,,,,7.32B,7.71B,8.57B,8.1B,9.48B,9.85B,10.5B,10.9B,11.5B,12.2B,13.5B,10.5B,8.83B,6.93B,7.66B,8.55B,8.59B,7.82B,7.7B,8.24B,8.23B,7.85B,8.62B,10.1B,12.4B,15.3B,19.7B,27.1B,32.4B,29.9B,32B,43.3B,47.6B,55.6B,64.6B,74.3B,81.8B,84.3B,95.9B,108B
Finland,5.22B,5.92B,6.34B,6.89B,7.77B,8.59B,9.21B,9.37B,8.82B,10.1B,11.4B,12.5B,14.7B,19.5B,24.8B,29.5B,31.8B,33.5B,36.3B,44.5B,53.6B,52.4B,52.8B,51B,52.9B,55.9B,73.5B,91.6B,109B,119B,141B,128B,113B,89.2B,103B,134B,132B,127B,134B,135B,126B,130B,140B,172B,197B,205B,217B,256B,286B,253B,249B,276B,258B,271B,275B,235B,241B,256B,276B,269B,270B
Fiji,112M,117M,123M,129M,140M,147M,151M,163M,167M,182M,220M,248M,317M,426M,559M,684M,695M,720M,829M,1.02B,1.2B,1.24B,1.19B,1.12B,1.18B,1.14B,1.29B,1.18B,1.11B,1.18B,1.34B,1.38B,1.53B,1.64B,1.83B,1.97B,2.13B,2.09B,1.65B,1.94B,1.68B,1.65B,1.83B,2.3B,2.71B,2.98B,3.08B,3.38B,3.52B,2.87B,3.14B,3.77B,3.97B,4.19B,4.86B,4.68B,4.93B,5.35B,5.58B,5.5B,4.53B
France,62.2B,67.5B,75.6B,84.8B,94B,102B,110B,119B,130B,142B,148B,166B,203B,264B,286B,361B,372B,410B,507B,614B,701B,616B,585B,560B,531B,553B,771B,934B,1.02TR,1.03TR,1.27TR,1.27TR,1.4TR,1.32TR,1.39TR,1.6TR,1.61TR,1.45TR,1.5TR,1.49TR,1.37TR,1.38TR,1.5TR,1.84TR,2.12TR,2.2TR,2.32TR,2.66TR,2.93TR,2.7TR,2.65TR,2.87TR,2.68TR,2.81TR,2.86TR,2.44TR,2.47TR,2.6TR,2.79TR,2.73TR,2.63TR
Faeroe Islands,,,,,,,,,,,,,,,,,,,,,,,,,,,,,,,,,,,,,,,1.11B,1.12B,1.06B,1.15B,1.26B,1.49B,1.69B,1.73B,1.98B,2.29B,2.43B,2.27B,2.32B,2.49B,2.37B,2.63B,2.85B,2.52B,2.74B,2.9B,3.05B,3.13B,
"Micronesia, Fed. Sts.",,,,,,,,,,,,,,,,,,,,,,,,107M,,,112M,117M,125M,135M,147M,166M,178M,198M,203M,222M,219M,207M,219M,220M,233M,241M,243M,245M,240M,250M,254M,257M,263M,280M,297M,311M,327M,317M,319M,316M,332M,367M,402M,408M,410M
Gabon,141M,168M,183M,154M,216M,226M,246M,272M,294M,318M,324M,382M,431M,723M,1.54B,2.16B,3.01B,2.81B,2.39B,3.03B,4.28B,3.86B,3.62B,3.39B,3.56B,3.34B,3.4B,3.28B,3.83B,4.19B,5.95B,5.4B,5.59B,4.38B,4.19B,4.96B,5.69B,5.33B,4.48B,4.66B,5.08B,5.02B,5.34B,6.51B,7.77B,9.58B,10.3B,12.5B,15.6B,12.1B,14.4B,18.2B,17.2B,17.6B,18.2B,14.4B,14B,14.9B,16.9B,16.9B,15.3B
Isle of Man,,,,,,,,,,,,,,,,,,,,,,,,,,,,,,,,,,,,915M,1.02B,1.18B,1.38B,1.57B,1.56B,1.66B,1.95B,2.33B,2.82B,3.03B,3.42B,4.47B,5.93B,5.49B,5.92B,6.57B,6.69B,7B,7.71B,7.09B,6.85B,6.98B,7.49B,7.32B,
United Kingdom,73.2B,77.7B,81.2B,86.6B,94.4B,102B,109B,113B,108B,116B,131B,148B,170B,193B,206B,242B,233B,263B,336B,439B,565B,541B,515B,490B,461B,489B,601B,745B,910B,927B,1.09TR,1.14TR,1.18TR,1.06TR,1.14TR,1.35TR,1.42TR,1.56TR,1.65TR,1.69TR,1.66TR,1.64TR,1.78TR,2.06TR,2.42TR,2.54TR,2.72TR,3.11TR,2.94TR,2.43TR,2.49TR,2.67TR,2.72TR,2.8TR,3.09TR,2.96TR,2.72TR,2.7TR,2.9TR,2.88TR,2.76TR
Georgia,,,,,,,,,,,,,,,,,,,,,,,,,,,,,,,7.75B,6.36B,3.69B,2.7B,2.51B,2.69B,3.09B,3.51B,3.61B,2.8B,3.06B,3.22B,3.4B,3.99B,5.13B,6.41B,7.75B,10.2B,12.8B,10.8B,12.2B,15.1B,16.5B,17.2B,17.6B,15B,15.1B,16.2B,17.6B,17.5B,15.8B
Ghana,1.22B,1.3B,1.38B,1.54B,1.73B,2.05B,2.13B,1.75B,1.67B,1.96B,2.22B,2.42B,2.11B,2.47B,2.89B,2.81B,2.77B,3.19B,3.66B,4.02B,4.45B,4.22B,4.04B,4.06B,4.41B,4.5B,5.73B,5.07B,5.2B,5.25B,5.89B,6.6B,6.41B,5.97B,5.44B,6.47B,6.93B,6.89B,7.48B,7.72B,4.98B,5.31B,6.17B,7.63B,8.88B,10.7B,20.4B,24.8B,28.7B,26B,32.2B,39.3B,41.3B,62.8B,54.8B,49.4B,56.2B,60.4B,67.3B,68.3B,68.5B
Guinea,,,,,,,,,,,,,,,,,,,,,,,,,,,2B,2.04B,2.38B,2.43B,2.67B,3.02B,3.28B,3.28B,3.38B,3.69B,3.87B,3.78B,3.59B,3.46B,3B,2.83B,2.95B,3.45B,3.64B,2.94B,4.22B,6.28B,6.96B,6.72B,6.85B,6.79B,7.64B,8.38B,8.78B,8.79B,8.6B,10.3B,11.9B,13.5B,15.7B
Gambia,,,,,,,44.2M,46.7M,41.2M,45.2M,52.3M,55.7M,59.2M,75.2M,95.8M,115M,112M,138M,172M,207M,241M,219M,216M,213M,177M,226M,186M,221M,267M,284M,317M,690M,714M,755M,746M,786M,848M,804M,840M,815M,783M,687M,578M,487M,962M,1.03B,1.05B,1.28B,1.56B,1.45B,1.54B,1.41B,1.42B,1.38B,1.23B,1.38B,1.48B,1.5B,1.67B,1.81B,1.87B
Guinea-Bissau,,,,,,,,,,,78.7M,78.5M,87.7M,89.4M,98.8M,109M,112M,115M,123M,119M,111M,155M,166M,164M,138M,144M,130M,174M,164M,213M,244M,257M,226M,237M,236M,254M,270M,269M,206M,224M,371M,393M,418M,477M,532M,587M,592M,697M,868M,830M,850M,1.1B,989M,1.05B,1.05B,1.05B,1.18B,1.35B,1.5B,1.44B,1.43B
Equatorial Guinea,,,9.12M,10.8M,12.7M,64.7M,69.1M,72.3M,67.5M,67.2M,66.3M,64.9M,65.4M,81.2M,94.2M,104M,104M,104M,,,50.6M,36.7M,44.3M,44.4M,50.3M,62.1M,76.4M,93.3M,101M,88.3M,112M,111M,135M,136M,101M,142M,232M,442M,371M,621M,1.05B,1.46B,1.81B,2.48B,4.41B,8.22B,10.1B,13.1B,19.7B,15B,16.3B,21.4B,22.4B,21.9B,21.8B,13.2B,11.2B,12.2B,13.1B,11.4B,10B
Greece,4.34B,4.96B,5.21B,5.9B,6.67B,7.69B,8.59B,9.28B,10.1B,11.6B,13.1B,14.6B,16.9B,22.3B,25.4B,28.5B,31.2B,36.2B,44.3B,54.5B,56.8B,52.3B,54.6B,49.4B,48B,47.8B,56.4B,65.7B,76.3B,79.2B,97.9B,105B,116B,109B,117B,137B,146B,143B,144B,143B,130B,136B,155B,202B,241B,248B,274B,319B,356B,331B,297B,283B,242B,239B,235B,196B,193B,200B,212B,205B,189B
Grenada,,,,,,,,,,,,,,,,,,71.5M,88.3M,102M,111M,116M,125M,132M,146M,168M,188M,215M,236M,267M,278M,301M,310M,310M,325M,342M,367M,392M,446M,482M,520M,520M,540M,591M,599M,696M,699M,759M,826M,771M,771M,779M,800M,843M,911M,997M,1.06B,1.13B,1.17B,1.21B,1.04B
Greenland,,,,,,,,,,,69.5M,88.6M,106M,140M,170M,211M,241M,282M,356M,421M,476M,436M,402M,416M,379M,413M,603M,787M,899M,930M,1.02B,1.02B,1.04B,927M,1.01B,1.21B,1.2B,1.07B,1.15B,1.13B,1.07B,1.09B,1.17B,1.56B,1.82B,1.85B,2.01B,2.25B,2.5B,2.53B,2.5B,2.68B,2.61B,2.68B,2.84B,2.5B,2.71B,2.85B,3.04B,2.98B,
Guatemala,1.04B,1.08B,1.14B,1.26B,1.3B,1.33B,1.39B,1.45B,1.61B,1.72B,1.9B,1.98B,2.1B,2.57B,3.16B,3.65B,4.37B,5.48B,6.07B,6.9B,7.88B,8.61B,8.72B,9.05B,9.47B,9.72B,7.23B,7.08B,7.84B,8.41B,7.65B,9.41B,10.4B,11.4B,13B,14.7B,15.7B,17.8B,19.4B,18.3B,19.3B,18.4B,20.4B,21.6B,23.6B,26.8B,29.7B,33.6B,38.5B,37.1B,40.7B,46.9B,49.6B,53B,57.9B,62.2B,66.1B,71.7B,73.2B,77B,77.6B
Guam,,,,,,,,,,,,,,,,,,,,,,,,,,,,,,,,,,,,,,,,,,,3.39B,3.57B,3.87B,4.21B,4.24B,4.4B,4.66B,4.83B,4.95B,4.98B,5.26B,5.4B,5.61B,5.8B,5.9B,6.01B,6.06B,6.36B,5.84B
Guyana,170M,186M,195M,176M,195M,213M,229M,250M,230M,249M,268M,282M,285M,307M,434M,495M,454M,450M,507M,530M,603M,570M,482M,489M,438M,453M,505M,355M,414M,380M,397M,349M,374M,454M,541M,622M,705M,749M,718M,695M,713M,712M,726M,743M,788M,825M,2.38B,2.73B,3.03B,3.17B,3.43B,3.69B,4.06B,4.17B,4.13B,4.28B,4.48B,4.75B,4.79B,5.17B,5.47B
"Hong Kong, China",1.32B,1.38B,1.61B,1.94B,2.21B,2.44B,2.49B,2.69B,2.72B,3.19B,3.8B,4.48B,5.71B,8.03B,9.39B,10B,12.9B,15.7B,18.3B,22.5B,28.9B,31.1B,32.3B,29.9B,33.5B,35.7B,41.1B,50.6B,59.7B,68.8B,76.9B,89B,104B,120B,136B,145B,160B,177B,169B,166B,172B,169B,166B,161B,169B,182B,194B,212B,219B,214B,229B,249B,263B,276B,291B,309B,321B,341B,362B,363B,347B
Honduras,336M,356M,388M,410M,457M,509M,550M,598M,647M,668M,723M,731M,803M,912M,1.03B,1.12B,1.35B,1.67B,3.1B,3.54B,3.97B,4.04B,4.27B,4.48B,4.92B,5.28B,5.68B,6.19B,5.9B,5.43B,4.92B,4.65B,4.94B,4.93B,4.64B,5.35B,5.22B,5.74B,6.37B,6.41B,7.1B,7.57B,7.78B,8.14B,8.77B,9.67B,10.8B,12.3B,13.8B,14.5B,15.7B,17.6B,18.4B,18.4B,19.6B,20.8B,21.6B,23B,23.9B,24.9B,23.7B
Croatia,,,,,,,,,,,,,,,,,,,,,,,,,,,,,,,,,,,,22.7B,24.1B,24.1B,25.8B,23.7B,21.8B,23.3B,27.1B,35B,42B,45.8B,50.9B,60.5B,70.8B,63.1B,60.4B,63.2B,57.2B,58.9B,58.3B,50.2B,52.3B,56.2B,62.2B,62.2B,57.2B
Haiti,273M,271M,282M,295M,325M,353M,369M,369M,368M,392M,331M,363M,372M,467M,565M,681M,879M,947M,974M,1.08B,1.38B,1.48B,1.47B,1.62B,1.82B,2.01B,2.32B,2.05B,2.61B,2.74B,3.1B,3.47B,2.26B,1.88B,2.17B,2.81B,2.91B,3.34B,3.72B,4.15B,6.81B,6.33B,6.06B,4.83B,6.04B,7.18B,7.52B,9.52B,10.5B,11.6B,11.9B,13B,13.7B,14.9B,15.1B,14.8B,14B,15B,16.5B,14.8B,14.5B
Hungary,,,,,,,,,,,,,,,,,,,,,,,,,,,,,,,,34.8B,38.7B,40.1B,43.2B,46.4B,46.7B,47.3B,48.7B,49.1B,47.2B,53.7B,67.6B,85.3B,104B,113B,116B,140B,158B,131B,132B,142B,129B,136B,141B,125B,129B,143B,161B,164B,156B
Indonesia,,,,,,,,5.67B,7.08B,8.34B,9.15B,9.33B,11B,16.3B,25.8B,30.5B,37.3B,45.8B,51.5B,51.4B,72.5B,85.5B,90.2B,81.1B,84.9B,85.3B,80B,75.9B,84.3B,94.5B,106B,117B,128B,158B,177B,202B,227B,216B,95.4B,140B,165B,160B,196B,235B,257B,286B,365B,432B,510B,540B,755B,893B,918B,913B,891B,861B,932B,1.02TR,1.04TR,1.12TR,1.06TR
India,37B,39.2B,42.2B,48.4B,56.5B,59.6B,45.9B,50.1B,53.1B,58.4B,62.4B,67.4B,71.5B,85.5B,99.5B,98.5B,103B,121B,137B,153B,186B,193B,201B,218B,212B,233B,249B,279B,297B,296B,321B,270B,288B,279B,327B,360B,393B,416B,421B,459B,468B,485B,515B,608B,709B,820B,940B,1.22TR,1.2TR,1.34TR,1.68TR,1.82TR,1.83TR,1.86TR,2.04TR,2.1TR,2.29TR,2.65TR,2.7TR,2.87TR,2.66TR
Ireland,1.94B,2.09B,2.26B,2.43B,2.77B,2.95B,3.1B,3.34B,3.28B,3.79B,4.4B,5.1B,6.32B,7.48B,7.9B,9.48B,9.45B,11.2B,14.6B,18.3B,21.7B,20.7B,21.5B,20.8B,20.1B,21.3B,28.7B,33.9B,37.8B,39.2B,49.3B,49.8B,55.9B,52.4B,57.1B,69.1B,75.8B,82.9B,90.2B,98.9B,100B,109B,129B,165B,194B,212B,232B,270B,275B,236B,222B,239B,225B,238B,259B,292B,299B,335B,385B,399B,426B
Iran,4.2B,4.43B,4.69B,4.93B,5.38B,6.2B,6.79B,7.56B,8.62B,9.74B,11B,13.7B,17.2B,27.1B,46.2B,51.8B,68.1B,80.6B,78B,90.4B,94.4B,100B,126B,156B,162B,180B,209B,134B,123B,120B,125B,,,63.7B,71.8B,96.4B,120B,114B,110B,114B,110B,127B,129B,154B,190B,226B,266B,350B,412B,416B,487B,581B,599B,460B,433B,385B,418B,445B,294B,258B,203B
Iraq,,,1.95B,1.98B,2.34B,,,,2.9B,3.01B,3.28B,3.87B,4.11B,5.13B,11.5B,13.5B,17.8B,19.8B,23.8B,37.8B,52.6B,37.8B,42.4B,40.7B,46.9B,48.4B,47.3B,56.8B,62.7B,65.8B,180B,408M,554M,1.03B,3.99B,12.9B,10.4B,20.8B,20.6B,36.9B,48.4B,36.2B,32.9B,21.9B,36.6B,50B,65.1B,88.8B,132B,112B,139B,186B,218B,235B,228B,167B,167B,187B,227B,235B,167B
Iceland,248M,254M,285M,340M,434M,524M,629M,621M,474M,415M,527M,670M,840M,1.15B,1.52B,1.41B,1.67B,2.21B,2.51B,2.85B,3.38B,3.49B,3.21B,2.77B,2.86B,2.98B,3.99B,5.52B,6.11B,5.67B,6.47B,6.91B,7.08B,6.22B,6.39B,7.12B,7.43B,7.57B,8.5B,8.98B,9.03B,8.23B,9.32B,11.4B,13.8B,16.9B,17.5B,21.7B,18.1B,13.2B,13.8B,15.2B,14.8B,16.1B,17.9B,17.5B,20.8B,24.7B,26.3B,24.9B,21.7B
Israel,2.6B,3.14B,2.51B,2.99B,3.41B,3.66B,3.98B,4.03B,4.62B,5.33B,,,,,,,,,,,,,,,,,,,,,,,,,,101B,110B,115B,116B,117B,132B,131B,121B,127B,136B,143B,154B,179B,217B,208B,235B,262B,258B,294B,311B,300B,319B,355B,374B,398B,407B
Italy,40.4B,44.8B,50.4B,57.7B,63.2B,68B,73.7B,81.1B,87.9B,97.1B,113B,125B,145B,175B,200B,228B,225B,258B,315B,394B,477B,431B,427B,443B,438B,452B,640B,806B,892B,929B,1.18TR,1.25TR,1.32TR,1.06TR,1.1TR,1.17TR,1.31TR,1.24TR,1.27TR,1.25TR,1.15TR,1.17TR,1.28TR,1.58TR,1.81TR,1.86TR,1.95TR,2.21TR,2.41TR,2.2TR,2.14TR,2.29TR,2.09TR,2.14TR,2.16TR,1.84TR,1.88TR,1.96TR,2.09TR,2.01TR,1.89TR
Jamaica,699M,748M,778M,827M,898M,972M,1.1B,1.15B,1.08B,1.19B,1.4B,1.54B,1.88B,1.91B,2.38B,2.86B,2.97B,3.25B,2.64B,2.43B,2.68B,2.98B,3.29B,3.62B,2.37B,2.1B,2.75B,3.29B,3.83B,4.4B,4.59B,4.11B,3.54B,5.44B,5.45B,6.58B,7.39B,8.4B,8.79B,8.89B,9.01B,9.19B,9.72B,9.43B,10.2B,11.2B,11.9B,12.8B,13.7B,12.1B,13.2B,14.4B,14.8B,14.3B,13.9B,14.2B,14.1B,14.8B,15.7B,15.8B,13.8B
Jordan,,,,,,600M,658M,632M,561M,699M,640M,678M,789M,944M,1.2B,1.36B,1.71B,2.1B,2.6B,3.27B,3.91B,4.38B,4.68B,4.92B,4.97B,4.99B,6.4B,6.76B,6.28B,4.22B,4.16B,4.34B,5.31B,5.61B,6.24B,6.73B,6.93B,7.25B,7.91B,8.15B,8.46B,8.98B,9.58B,10.2B,11.4B,12.6B,15.1B,17.1B,22.7B,24.5B,27.1B,29.5B,31.6B,34.5B,36.8B,38.6B,39.9B,41.4B,42.9B,44.5B,43.7B
Japan,44.3B,53.5B,60.7B,69.5B,81.7B,91B,106B,124B,147B,172B,213B,240B,318B,432B,480B,522B,586B,721B,1.01TR,1.06TR,1.11TR,1.22TR,1.13TR,1.24TR,1.32TR,1.4TR,2.08TR,2.53TR,3.07TR,3.05TR,3.13TR,3.58TR,3.91TR,4.45TR,5TR,5.55TR,4.92TR,4.49TR,4.1TR,4.64TR,4.97TR,4.37TR,4.18TR,4.52TR,4.89TR,4.83TR,4.6TR,4.58TR,5.11TR,5.29TR,5.76TR,6.23TR,6.27TR,5.21TR,4.9TR,4.44TR,5TR,4.93TR,5.04TR,5.15TR,5.06TR
Kazakhstan,,,,,,,,,,,,,,,,,,,,,,,,,,,,,,,26.9B,24.9B,24.9B,23.4B,21.3B,20.4B,21B,22.2B,22.1B,16.9B,18.3B,22.2B,24.6B,30.8B,43.2B,57.1B,81B,105B,133B,115B,148B,193B,208B,237B,221B,184B,137B,167B,179B,182B,171B
Kenya,791M,793M,868M,927M,999M,998M,1.16B,1.23B,1.35B,1.46B,1.6B,1.78B,2.11B,2.51B,2.97B,3.26B,3.47B,4.49B,5.3B,6.23B,7.27B,6.85B,6.43B,5.98B,6.19B,6.14B,7.24B,7.97B,8.36B,8.28B,8.57B,8.15B,8.21B,5.75B,7.15B,9.05B,12B,13.1B,14.1B,12.9B,12.7B,13B,13.1B,14.9B,16.1B,18.7B,25.8B,32B,35.9B,42.3B,45.4B,46.9B,56.4B,61.7B,68.3B,70.1B,74.8B,82B,92.2B,101B,101B
Kyrgyz Republic,,,,,,,,,,,,,,,,,,,,,,,,,,,,,,,2.67B,2.57B,2.32B,2.03B,1.68B,1.66B,1.83B,1.77B,1.65B,1.25B,1.37B,1.53B,1.61B,1.92B,2.21B,2.46B,2.83B,3.8B,5.14B,4.69B,4.79B,6.2B,6.61B,7.34B,7.47B,6.68B,6.81B,7.7B,8.27B,8.87B,7.74B
Cambodia,637M,643M,660M,729M,783M,869M,914M,963M,1.07B,979M,718M,970M,506M,703M,588M,,,,,,,,,,,,,,,,,,,2.53B,2.79B,3.44B,3.51B,3.44B,3.12B,3.52B,3.65B,3.98B,4.28B,4.66B,5.34B,6.29B,7.27B,8.64B,10.4B,10.4B,11.2B,12.8B,14.1B,15.2B,16.7B,18B,20B,22.2B,24.6B,27.1B,25.8B
Kiribati,,,,,,,,,,,14.3M,15.3M,18.9M,31.7M,85.6M,55.1M,41.1M,38.7M,45.2M,42.6M,38.7M,41.4M,40.6M,37.8M,41.2M,32.1M,32.1M,33.6M,43M,41.1M,39.8M,47.5M,47.7M,46.9M,54.8M,56.3M,66.5M,67.5M,65.3M,69M,67.3M,63.1M,72.2M,90.2M,102M,112M,110M,133M,141M,132M,156M,182M,190M,185M,180M,171M,178M,187M,200M,188M,198M
St. Kitts and Nevis,12.4M,12.5M,12.5M,12.8M,13.4M,13.6M,14.5M,16.7M,14.6M,15.8M,16.3M,19.6M,22.9M,24.2M,31.5M,33.4M,30.1M,44.5M,49.4M,58.8M,68.5M,80.9M,86M,86.9M,98.6M,111M,131M,148M,173M,193M,217M,221M,242M,264M,295M,313M,334M,375M,383M,407M,422M,459M,481M,470M,507M,547M,644M,689M,751M,748M,760M,818M,800M,840M,917M,923M,1.01B,1.06B,1.08B,1.16B,981M
South Korea,3.96B,2.42B,2.81B,3.99B,3.46B,3.12B,3.93B,4.86B,6.12B,7.68B,9.01B,9.9B,10.9B,13.9B,19.5B,21.8B,29.9B,38.4B,52B,66.9B,65.4B,72.9B,78.4B,87.8B,97.5B,101B,117B,148B,200B,247B,283B,331B,356B,393B,464B,567B,610B,570B,383B,498B,576B,548B,627B,703B,793B,935B,1.05TR,1.17TR,1.05TR,944B,1.14TR,1.25TR,1.28TR,1.37TR,1.48TR,1.47TR,1.5TR,1.62TR,1.72TR,1.65TR,1.64TR
Kosovo,,,,,,,,,,,,,,,,,,,,,,,,,,,,,,,,,,,,,,,,,,,,,,,,,5.18B,5.02B,5.34B,6.34B,6.16B,6.74B,7.07B,6.3B,6.68B,7.18B,7.88B,7.9B,7.72B
Kuwait,,,,,,2.1B,2.39B,2.44B,2.66B,2.77B,2.87B,3.88B,4.45B,5.41B,13B,12B,13.1B,14.1B,15.5B,24.7B,28.6B,25.1B,21.6B,20.9B,21.7B,21.4B,17.9B,22.4B,20.7B,24.3B,18.4B,11B,19.9B,23.9B,24.8B,27.2B,31.5B,30.4B,25.9B,30.1B,37.7B,34.9B,38.1B,47.9B,59.4B,80.8B,102B,115B,147B,106B,115B,154B,174B,174B,163B,115B,109B,121B,138B,136B,106B
Lao,,,,,,,,,,,,,,,,,,,,,,,,,1.76B,2.37B,1.78B,1.09B,599M,714M,866M,1.03B,1.13B,1.33B,1.54B,1.76B,1.87B,1.75B,1.28B,1.45B,1.73B,1.77B,1.76B,2.02B,2.37B,2.74B,3.46B,4.22B,5.45B,5.84B,7.13B,8.75B,10.2B,12B,13.3B,14.4B,15.9B,17.1B,18.1B,18.9B,19.1B
Lebanon,,,,,,,,,,,,,,,,,,,,,,,,,,,,,3.31B,2.72B,2.84B,4.69B,5.84B,7.94B,9.6B,11.7B,13.7B,15.8B,17.2B,17.4B,17.3B,17.6B,19.2B,20.1B,21.2B,21.5B,22B,24.8B,29.1B,35.4B,38.4B,39.9B,44B,46.9B,48.1B,50.1B,51.4B,53.3B,55.3B,52B,31.7B
Liberia,,,,,,,,,,,,,,,,,,,,,,,,,,,,,,,,,,,,,,,,,874M,906M,927M,748M,897M,949M,1.12B,1.37B,1.73B,1.77B,2B,2.4B,2.79B,3.18B,3.23B,3.23B,3.4B,3.39B,3.42B,3.32B,3.2B
Libya,,,,,,,,,,,,,,,,,,,,,,,,,,,,,,,28.9B,32B,33.9B,30.7B,28.6B,25.5B,27.9B,30.7B,27.2B,36B,38.3B,34.1B,20.5B,26.3B,33.1B,47.3B,55B,67.5B,87.1B,63B,74.8B,34.7B,81.9B,65.5B,41.1B,27.8B,26.2B,37.9B,52.6B,52.1B,25.4B
St. Lucia,,,,,,,,,,,,,,,,,,,,,170M,194M,183M,197M,251M,284M,340M,376M,430M,487M,580M,614M,674M,685M,714M,763M,789M,806M,877M,922M,933M,893M,900M,987M,1.07B,1.14B,1.27B,1.34B,1.44B,1.4B,1.49B,1.58B,1.61B,1.66B,1.76B,1.81B,1.87B,2B,2.07B,2.12B,1.62B
Liechtenstein,,,,,,,,,,,90.1M,105M,125M,166M,194M,246M,272M,303M,437M,503M,535M,512M,522M,524M,503M,529M,779M,1.05B,1.16B,1.12B,1.42B,1.48B,1.63B,1.67B,1.95B,2.43B,2.5B,2.3B,2.48B,2.66B,2.48B,2.49B,2.69B,3.07B,3.45B,3.66B,4B,4.6B,5.08B,4.5B,5.08B,5.74B,5.46B,6.39B,6.66B,6.27B,6.24B,6.47B,6.84B,6.68B,
Sri Lanka,1.41B,1.44B,1.43B,1.24B,1.31B,1.7B,1.75B,1.86B,1.8B,1.97B,2.3B,2.37B,2.55B,2.88B,3.57B,3.79B,3.59B,4.1B,2.73B,3.36B,4.02B,4.42B,4.77B,5.17B,6.04B,5.98B,6.41B,6.68B,6.98B,6.99B,8.03B,9B,9.7B,10.3B,11.7B,13B,13.9B,15.1B,15.8B,15.7B,16.3B,15.7B,16.5B,18.9B,20.7B,24.4B,28.3B,32.4B,40.7B,42.1B,56.7B,65.3B,68.4B,74.3B,79.4B,80.6B,82.4B,87.4B,88B,84B,80.7B
Lesotho,34.6M,35.7M,41.9M,47M,51.9M,54.9M,56.7M,59.3M,61.4M,66M,68.7M,76.5M,80.9M,121M,151M,150M,148M,193M,267M,290M,432M,434M,349M,387M,333M,269M,319M,403M,470M,495M,596M,704M,831M,836M,878M,1B,946M,998M,928M,913M,887M,826M,776M,1.16B,1.51B,1.68B,1.8B,1.68B,1.77B,1.74B,2.23B,2.58B,2.48B,2.37B,2.44B,2.36B,2.11B,2.31B,2.51B,2.37B,1.88B
Lithuania,,,,,,,,,,,,,,,,,,,,,,,,,,,,,,,,,,,,7.87B,8.38B,10.1B,11.2B,11B,11.5B,12.2B,14.3B,18.8B,22.6B,26.1B,30.2B,39.7B,47.8B,37.4B,37.1B,43.5B,42.9B,46.5B,48.5B,41.4B,43B,47.8B,53.8B,54.7B,56.5B
Luxembourg,704M,704M,742M,791M,903M,922M,968M,975M,1.07B,1.23B,1.46B,1.52B,1.9B,2.61B,3.18B,3.12B,3.42B,3.79B,4.72B,5.52B,6.02B,5.05B,4.6B,4.52B,4.44B,4.58B,6.69B,8.32B,9.42B,10B,12.8B,13.8B,15.5B,15.9B,17.7B,20.9B,20.9B,19.6B,20.2B,21.9B,21.2B,21.4B,23.6B,29.7B,35.1B,37.7B,42.9B,51.6B,58.8B,54.5B,56.2B,61.7B,59.8B,65.2B,68.8B,60.1B,62.2B,65.7B,71.3B,70.2B,73.4B
Latvia,,,,,,,,,,,,,,,,,,,,,,,,,,,,,,,,,,,,5.79B,5.98B,6.53B,7.17B,7.53B,7.96B,8.36B,9.56B,11.8B,14.4B,17B,21.6B,31.1B,35.9B,26.4B,24B,27.5B,28.2B,30.2B,31.4B,27.3B,28.1B,30.5B,34.4B,34.3B,33.7B
"Macao, China",,,,,,,,,,,,,,,,,,,,,,,1.14B,1.13B,1.3B,1.36B,1.53B,1.96B,2.29B,2.71B,3.25B,3.77B,4.91B,5.67B,6.31B,7.05B,7.18B,7.27B,6.8B,6.55B,6.77B,6.86B,7.37B,8.25B,10.6B,12.2B,14.9B,18.4B,21B,21.6B,28.2B,36.8B,43.2B,51.5B,54.9B,45B,45.1B,50.4B,55.3B,55.2B,25.6B
Morocco,2.04B,2.03B,2.38B,2.66B,2.8B,2.95B,2.88B,3.05B,3.27B,3.65B,3.96B,4.36B,5.07B,6.24B,7.68B,8.98B,9.58B,11B,13.2B,15.9B,21.7B,17.8B,17.7B,16.3B,14.8B,15B,19.5B,21.8B,25.7B,26.3B,30.2B,32.3B,33.7B,31.7B,35.6B,39B,43.2B,39.1B,41.8B,41.6B,38.9B,39.5B,42.2B,52.1B,59.6B,62.3B,68.6B,79B,92.5B,92.9B,93.2B,101B,98.3B,107B,110B,101B,103B,110B,118B,120B,115B
Monaco,,,,,,,,,,,293M,328M,402M,524M,564M,712M,735M,811M,1B,1.21B,1.38B,1.21B,1.14B,1.09B,1.04B,1.08B,1.52B,1.84B,2B,2.01B,2.48B,2.48B,2.74B,2.57B,2.72B,3.13B,3.14B,2.84B,2.93B,2.91B,2.65B,2.72B,2.97B,3.6B,4.14B,4.2B,4.58B,5.87B,6.48B,5.45B,5.37B,6.09B,5.74B,6.56B,7.07B,6.26B,6.47B,6.43B,7.19B,7.38B,6.82B
Moldova,,,,,,,,,,,,,,,,,,,,,,,,,,,,,,,,,,,,1.75B,1.7B,1.93B,1.7B,1.17B,1.29B,1.48B,1.66B,1.98B,2.6B,2.99B,3.41B,4.4B,6.05B,5.44B,6.97B,8.41B,8.71B,9.5B,9.51B,7.75B,8.07B,9.67B,11.5B,12B,11.9B
Madagascar,673M,699M,739M,759M,802M,834M,900M,956M,1.03B,1.06B,1.11B,1.2B,1.34B,1.65B,1.92B,2.28B,2.18B,2.36B,2.67B,3.46B,5.2B,4.76B,4.78B,4.69B,3.91B,3.8B,4.35B,3.21B,3.19B,3.18B,3.93B,3.25B,3.71B,4.06B,3.52B,3.84B,4.93B,4.26B,4.4B,4.28B,4.63B,5.44B,5.35B,6.37B,5.06B,5.86B,6.4B,8.52B,10.7B,9.62B,9.98B,11.6B,11.6B,12.4B,12.5B,11.3B,11.8B,13.2B,13.8B,14.1B,13.1B
Maldives,,,,,,,,,,,,,,,,,,,,,42.5M,44.8M,47.9M,57.8M,110M,127M,142M,141M,169M,190M,215M,244M,285M,322M,356M,399M,450M,508M,540M,589M,624M,870M,897M,1.05B,1.23B,1.16B,1.58B,1.87B,2.27B,2.35B,2.59B,2.77B,2.89B,3.3B,3.7B,4.11B,4.38B,4.75B,5.3B,5.61B,3.74B
Mexico,13B,14.2B,15.2B,17B,20.1B,21.8B,24.3B,26.6B,29.4B,32.5B,35.5B,39.2B,45.2B,55.3B,72B,88B,89B,81.8B,103B,135B,205B,264B,185B,156B,184B,195B,135B,148B,182B,221B,261B,313B,363B,501B,528B,360B,411B,500B,527B,600B,708B,757B,772B,729B,782B,877B,975B,1.05TR,1.11TR,900B,1.06TR,1.18TR,1.2TR,1.27TR,1.32TR,1.17TR,1.08TR,1.16TR,1.22TR,1.27TR,1.07TR
Marshall Islands,,,,,,,,,,,,,,,,,,,,,,31M,34.9M,41.7M,45.1M,43.9M,56M,63M,70.7M,72.8M,78.5M,82.5M,91.1M,99.5M,108M,120M,111M,111M,112M,114M,115M,123M,132M,131M,132M,137M,142M,148M,152M,150M,160M,172M,180M,185M,182M,184M,202M,213M,222M,239M,244M
North Macedonia,,,,,,,,,,,,,,,,,,,,,,,,,,,,,,,4.7B,4.94B,2.44B,2.68B,3.56B,4.71B,4.64B,3.91B,3.77B,3.86B,3.77B,3.71B,4.02B,4.95B,5.68B,6.26B,6.86B,8.34B,9.91B,9.4B,9.41B,10.5B,9.75B,10.8B,11.4B,10.1B,10.7B,11.3B,12.7B,12.6B,12.3B
Mali,,,,,,,,275M,344M,340M,360M,395M,487M,564M,539M,831M,939M,1.05B,1.22B,1.6B,1.76B,1.54B,1.33B,1.3B,1.23B,1.39B,1.85B,2.09B,2.17B,2.18B,2.68B,2.72B,2.83B,2.82B,2.08B,2.71B,2.78B,2.7B,2.92B,3.44B,2.96B,3.47B,3.91B,4.71B,5.45B,6.25B,6.91B,8.16B,9.84B,10.2B,10.7B,13B,12.4B,13.2B,14.4B,13.1B,14B,15.4B,17.1B,17.3B,17.5B
Malta,,,,,,,,,,,251M,265M,295M,346M,376M,475M,528M,626M,794M,1B,1.25B,1.24B,1.23B,1.17B,1.1B,1.12B,1.44B,1.75B,2.02B,2.12B,2.55B,2.75B,3.02B,2.71B,3B,3.72B,3.82B,3.79B,4.01B,4.12B,4.07B,4.09B,4.47B,5.45B,6.1B,6.42B,6.78B,7.93B,9.09B,8.7B,9.04B,9.64B,9.46B,10.6B,11.6B,11.1B,11.7B,13.2B,14.9B,15.2B,14.6B
Myanmar,,584M,613M,660M,475M,403M,318M,328M,531M,551M,579M,559M,635M,667M,1B,1.13B,1.16B,1B,917M,920M,1.01B,1.06B,1.3B,1.43B,1.35B,1.31B,1.59B,1.45B,1.39B,1.67B,2.04B,2.14B,2.22B,2.81B,3.82B,4.88B,5.76B,5.63B,4.61B,5.64B,6.85B,6.22B,6.11B,7.75B,9.39B,10.6B,11.9B,15.6B,23B,29.5B,37.8B,54.1B,58.3B,60.6B,63.3B,63B,60.3B,61.4B,67.1B,68.7B,79.9B
Montenegro,,,,,,,,,,,,,,,,,,,,,,,,,,,,,,,,,,,,,,,,,984M,1.16B,1.28B,1.71B,2.07B,2.26B,2.72B,3.68B,4.55B,4.16B,4.14B,4.54B,4.09B,4.46B,4.59B,4.05B,4.37B,4.84B,5.5B,5.54B,4.77B
Mongolia,,,,,,,,,,,,,,,,,,,,,,2.31B,2.55B,2.73B,2.1B,2.19B,2.9B,3.02B,3.2B,3.58B,2.56B,2.38B,1.32B,768M,926M,1.45B,1.35B,1.18B,1.12B,1.06B,1.14B,1.27B,1.4B,1.6B,1.99B,2.52B,3.41B,4.23B,5.62B,4.58B,7.19B,10.4B,12.3B,12.6B,12.2B,11.6B,11.2B,11.5B,13.2B,14.2B,13.3B
Northern Mariana Islands,,,,,,,,,,,,,,,,,,,,,,,,,,,,,,,,,,,,,,,,,,,1.28B,1.24B,1.21B,1.06B,990M,938M,939M,795M,799M,729M,746M,772M,832M,910M,1.23B,1.56B,1.3B,1.18B,
Mozambique,,,,,,,,,,,,,,,,,,,,,,,,,,,,,,,,3.63B,2.64B,2.73B,2.8B,2.9B,3.86B,4.65B,5.26B,5.98B,5.66B,5.4B,5.68B,6.3B,7.63B,8.54B,9.18B,10.5B,12.6B,11.9B,11.1B,14.4B,16.4B,17B,17.7B,16B,11.9B,13.2B,14.8B,15.4B,14B
Mauritania,,159M,164M,168M,224M,255M,267M,283M,311M,295M,309M,336M,392M,493M,613M,703M,775M,799M,805M,952M,1.05B,1.11B,1.11B,1.17B,1.07B,1.01B,1.19B,1.34B,1.41B,1.45B,1.51B,2.13B,2.16B,1.85B,1.94B,2.09B,2.13B,2.07B,2.03B,1.99B,1.78B,1.75B,1.78B,2.05B,2.36B,2.94B,3.92B,4.35B,5.21B,4.71B,5.63B,6.76B,6.73B,7.22B,6.59B,6.17B,6.4B,6.8B,7.35B,7.89B,7.91B
Mauritius,,,,,,,,,,,,,,,,,704M,824M,1.02B,1.21B,1.13B,1.14B,1.08B,1.09B,1.04B,1.08B,1.46B,1.88B,2.13B,2.18B,2.65B,2.86B,3.22B,3.26B,3.56B,4.04B,4.42B,4.19B,4.17B,4.34B,4.66B,4.61B,4.84B,5.82B,6.58B,6.49B,7.03B,8.15B,9.99B,9.13B,10B,11.5B,11.7B,12.1B,12.8B,11.7B,12.2B,13.3B,14.2B,14B,10.9B
Malawi,163M,175M,183M,191M,195M,229M,260M,270M,245M,266M,291M,365M,406M,444M,549M,613M,670M,806M,949M,1.06B,1.24B,1.24B,1.18B,1.22B,1.21B,1.13B,1.18B,1.18B,1.38B,1.59B,1.88B,2.2B,1.8B,2.07B,1.18B,1.4B,2.28B,2.66B,1.75B,1.78B,1.74B,1.72B,3.5B,3.21B,3.48B,3.66B,4B,4.43B,5.32B,6.19B,6.96B,8B,6.03B,5.52B,6.05B,6.37B,5.43B,8.94B,9.88B,11B,12.2B
Malaysia,1.92B,1.9B,2B,2.51B,2.67B,2.96B,3.14B,3.19B,3.33B,3.66B,3.86B,4.24B,5.04B,7.66B,9.5B,9.3B,11.1B,13.1B,16.4B,21.2B,24.5B,25B,26.8B,30.3B,33.9B,31.2B,27.7B,32.2B,35.3B,38.8B,44B,49.1B,59.2B,66.9B,74.5B,88.7B,101B,100B,72.2B,79.1B,93.8B,92.8B,101B,110B,125B,144B,163B,194B,231B,202B,255B,298B,314B,323B,338B,301B,301B,319B,359B,365B,337B
Namibia,,,,,,,,,,,,,,,,,,,,,2.42B,2.25B,2.12B,2.3B,1.95B,1.61B,1.81B,2.3B,2.5B,2.54B,2.79B,3B,3.43B,3.25B,3.67B,3.98B,3.99B,4.15B,3.87B,3.87B,3.92B,3.56B,3.35B,4.93B,6.61B,7.25B,8B,8.84B,8.61B,8.94B,11.4B,12.5B,13B,12B,12.4B,11.3B,10.7B,12.9B,13.7B,12.5B,10.6B
New Caledonia,,,,,,160M,164M,180M,216M,263M,359M,414M,507M,542M,637M,817M,798M,838M,846M,1.05B,1.18B,973M,905M,824M,796M,855M,1.2B,1.49B,2.07B,2.19B,2.53B,2.65B,2.92B,2.82B,3.04B,3.63B,3.61B,3.29B,3.56B,3.65B,3.42B,3.3B,3.74B,4.92B,5.9B,6.24B,6.98B,8.82B,9.07B,8.7B,9.36B,10.4B,9.66B,10.2B,10.6B,8.74B,8.72B,9.17B,9.85B,9.44B,
Niger,450M,486M,532M,586M,583M,673M,702M,666M,641M,626M,650M,694M,743M,946M,1.03B,1.05B,1.06B,1.29B,1.77B,2.11B,2.51B,2.17B,2.02B,1.8B,1.46B,1.44B,1.9B,2.23B,2.28B,2.18B,3.51B,3.29B,3.39B,3.05B,1.94B,2.3B,2.41B,2.29B,2.64B,2.54B,2.24B,2.45B,2.78B,3.39B,3.76B,4.38B,4.76B,5.73B,7.3B,7.35B,7.85B,8.77B,9.43B,10.2B,10.9B,9.68B,10.4B,11.2B,12.8B,12.9B,13.7B
Nigeria,4.2B,4.47B,4.91B,5.17B,5.55B,5.87B,6.37B,5.2B,5.2B,6.63B,12.5B,9.18B,12.3B,15.2B,24.8B,27.8B,36.3B,36B,36.5B,47.3B,64.2B,164B,143B,97.1B,73.5B,73.7B,54.8B,52.7B,49.6B,44B,54B,49.1B,47.8B,27.8B,33.8B,44.1B,51.1B,54.5B,54.6B,59.4B,69.4B,74B,95.4B,105B,136B,176B,236B,276B,339B,295B,361B,405B,456B,509B,547B,487B,405B,376B,397B,448B,432B
Nicaragua,224M,241M,265M,293M,342M,567M,607M,657M,696M,748M,777M,827M,881M,1.09B,1.52B,1.59B,1.85B,2.24B,2.14B,1.53B,2.19B,2.45B,2.47B,2.74B,3.11B,2.68B,2.89B,3.85B,2.63B,1.01B,1.01B,1.49B,1.79B,1.76B,3.86B,4.14B,4.31B,4.39B,4.64B,4.86B,5.11B,5.32B,5.22B,5.32B,5.8B,6.32B,6.76B,7.42B,8.5B,8.3B,8.76B,9.77B,10.5B,11B,11.9B,12.8B,13.3B,13.8B,13B,12.6B,12.6B
Netherlands,12.3B,13.5B,14.6B,15.9B,18.7B,21B,22.9B,25.1B,27.8B,34B,38.2B,44.6B,54.7B,71.8B,87.2B,100B,109B,127B,156B,180B,195B,164B,158B,153B,144B,144B,201B,245B,262B,258B,318B,328B,363B,354B,379B,452B,450B,417B,438B,447B,417B,432B,474B,580B,658B,685B,734B,849B,952B,872B,847B,905B,839B,877B,892B,766B,784B,834B,914B,910B,914B
Curaçao,,,,,,,,,,,,,,,,,,,,,,,,,,,,,,,,,,,,,,,,,,,,,,,,,,,,3.04B,3.13B,3.15B,3.16B,3.15B,3.12B,3.12B,3.13B,3.1B,2.6B
Norway,5.16B,5.63B,6.07B,6.51B,7.16B,8.06B,8.7B,9.51B,10.2B,11.1B,12.8B,14.6B,17.4B,22.5B,27.1B,32.9B,35.9B,41.5B,46.5B,53.1B,64.4B,63.6B,62.6B,61.6B,62.1B,65.4B,78.7B,94.2B,102B,103B,120B,122B,131B,121B,127B,152B,164B,161B,154B,162B,171B,174B,196B,229B,265B,309B,346B,401B,462B,386B,429B,498B,510B,523B,498B,386B,369B,398B,437B,405B,362B
Nepal,508M,532M,574M,497M,496M,735M,907M,842M,772M,789M,866M,883M,1.02B,972M,1.22B,1.58B,1.45B,1.38B,1.6B,1.85B,1.95B,2.28B,2.4B,2.45B,2.58B,2.62B,2.85B,2.96B,3.49B,3.53B,3.63B,3.92B,3.4B,3.66B,4.07B,4.4B,4.52B,4.92B,4.86B,5.03B,5.49B,6.01B,6.05B,6.33B,7.27B,8.13B,9.04B,10.3B,12.5B,12.9B,16B,21.6B,21.7B,22.2B,22.7B,24.4B,24.5B,29B,33.1B,34.2B,33.7B
Nauru,,,,,,,,,,,,,,,,,,,,,,,,,,,,,,,,,,,,,,,,,,,,,,,,,,,47.6M,66.1M,96.9M,98.5M,105M,86.5M,99.7M,109M,124M,119M,115M
New Zealand,5.49B,5.67B,6.08B,6.64B,7.27B,5.65B,5.86B,5.96B,5.18B,5.76B,,7.91B,9.57B,12.8B,13.9B,12.9B,13.6B,15.4B,18.5B,20.7B,23.2B,24.4B,24.2B,24.3B,21.7B,24.7B,30.6B,40.4B,45.2B,43.9B,45.5B,42.7B,41.6B,46.8B,55.3B,63.9B,70.1B,66.1B,56.2B,58.8B,52.6B,53.9B,66.6B,88.3B,104B,115B,112B,137B,133B,121B,147B,168B,176B,191B,201B,178B,189B,207B,212B,213B,211B
Oman,,,,,,63.3M,67.8M,107M,189M,240M,256M,301M,367M,483M,1.65B,2.1B,2.56B,2.74B,2.74B,3.73B,5.98B,7.26B,7.55B,7.93B,8.82B,10B,7.32B,7.81B,8.39B,9.37B,11.7B,11.3B,12.5B,12.5B,12.9B,13.8B,15.3B,15.8B,14B,15.6B,19.5B,19.5B,20.1B,21.6B,24.8B,31.1B,37.2B,42.1B,60.9B,48.4B,65B,77.5B,87.4B,89.9B,92.7B,78.7B,75.1B,80.9B,91.5B,88.1B,74B
Pakistan,3.75B,4.12B,4.31B,4.63B,5.2B,5.93B,6.56B,7.46B,8.04B,8.68B,10B,10.7B,9.42B,6.38B,8.9B,11.2B,13.2B,15.1B,17.8B,19.7B,23.7B,28.1B,30.7B,28.7B,31.2B,31.1B,31.9B,33.4B,38.5B,40.2B,40B,45.6B,48.9B,51.8B,52.3B,60.6B,63.3B,62.4B,62.2B,63B,82B,79.5B,79.9B,91.8B,108B,120B,137B,152B,170B,168B,177B,214B,224B,231B,244B,271B,279B,305B,315B,279B,263B
Panama,537M,599M,652M,723M,776M,852M,929M,1.03B,1.11B,1.22B,1.35B,1.52B,1.67B,1.91B,2.19B,2.44B,2.59B,2.74B,3.24B,3.7B,4.61B,5.22B,5.77B,5.92B,6.18B,6.54B,6.8B,6.83B,5.9B,5.92B,6.43B,7.07B,8.04B,8.78B,9.37B,9.57B,9.87B,10.7B,11.6B,12.1B,12.3B,12.5B,13B,13.7B,15B,16.4B,18.1B,21.3B,25.2B,27.1B,29.4B,34.7B,40.4B,45.6B,49.9B,54.1B,57.9B,62.2B,64.9B,67B,54B
Peru,2.57B,2.9B,3.29B,3.6B,4.36B,5.17B,6.11B,6.2B,5.74B,6.42B,7.43B,8.29B,9.19B,11B,13.9B,16.9B,15.9B,14.6B,12.5B,16B,18.1B,21.6B,21.8B,17.3B,17.6B,16.5B,15.2B,20.7B,15.4B,22.5B,26.4B,34.3B,36B,34.8B,44.9B,53.3B,55.3B,58.1B,55.5B,50.2B,51.7B,52B,54.8B,58.7B,66.8B,76.1B,88.6B,102B,121B,121B,148B,172B,193B,201B,201B,190B,192B,211B,223B,228B,202B
Philippines,7.52B,8.17B,4.95B,5.51B,5.95B,6.52B,7.19B,7.72B,8.63B,9.57B,7.56B,8.38B,9.07B,11.4B,15.6B,16.9B,19.4B,22.3B,25.8B,31.2B,36.8B,40.5B,42.2B,37.8B,35.7B,35B,34B,37.8B,43.2B,48.5B,50.5B,51.8B,60.4B,62B,73.2B,84.6B,94.6B,94.1B,74.5B,85.6B,83.7B,78.9B,84.3B,87B,95B,107B,128B,156B,182B,176B,208B,234B,262B,284B,297B,306B,319B,328B,347B,377B,361B
Palau,,,,,,,,,,,,,,,,,,,,,,,,,,,,,,,,,,,,,,,,,146M,157M,163M,154M,165M,190M,192M,199M,198M,188M,186M,197M,212M,221M,242M,280M,298M,285M,285M,274M,258M
Papua New Guinea,230M,245M,261M,276M,305M,344M,391M,442M,485M,551M,646M,718M,859M,1.3B,1.47B,1.36B,1.51B,1.64B,1.95B,2.29B,2.55B,2.5B,2.37B,2.56B,2.55B,2.42B,2.65B,3.14B,3.66B,3.55B,3.22B,3.79B,4.38B,4.97B,5.5B,4.64B,5.16B,4.94B,3.79B,3.48B,3.52B,3.08B,3B,3.54B,3.93B,4.87B,8.36B,9.55B,11.7B,11.6B,14.3B,18B,21.3B,21.3B,23.2B,21.7B,20.8B,22.7B,24.1B,24.8B,24.7B
Poland,,,,,,,,,,,,,,,,,,,,,,,,,,,,,,,66B,85.5B,94.3B,96B,111B,142B,160B,159B,175B,170B,172B,191B,199B,218B,255B,306B,345B,429B,534B,440B,480B,528B,499B,521B,542B,478B,473B,527B,587B,597B,597B
Puerto Rico,1.69B,1.87B,2.09B,2.33B,2.57B,2.88B,3.17B,3.53B,3.94B,4.46B,5.03B,5.65B,6.33B,7B,7.68B,8.2B,8.97B,9.91B,11.2B,12.8B,14.4B,16B,16.8B,17.3B,19.2B,20.3B,22B,24B,26.4B,28.2B,30.6B,32.3B,34.6B,36.9B,39.7B,42.6B,45.3B,48.2B,54.1B,57.8B,61.7B,69.2B,71.6B,74.8B,80.3B,83.9B,87.3B,89.5B,93.6B,96.4B,98.4B,100B,102B,102B,102B,103B,104B,103B,101B,105B,103B
Portugal,3.19B,3.42B,3.67B,3.91B,4.24B,4.69B,5.14B,5.74B,6.35B,6.97B,8.11B,9.2B,11.2B,15.1B,17.5B,19.3B,20.3B,21.4B,23.5B,26.6B,32.9B,32B,30.5B,27.2B,25.2B,27.1B,38.7B,48.2B,56.3B,60.6B,78.7B,89.2B,108B,95B,99.7B,118B,123B,117B,124B,127B,119B,122B,135B,165B,189B,197B,209B,240B,263B,245B,238B,245B,216B,226B,230B,199B,206B,221B,242B,240B,229B
Paraguay,,,,,,444M,466M,493M,518M,556M,595M,665M,769M,996M,1.33B,1.51B,1.7B,2.09B,2.56B,3.42B,4.45B,5.62B,5.42B,5.67B,4.5B,3.28B,3.72B,3.97B,4.26B,4.76B,5.81B,6.98B,7.16B,7.25B,7.87B,9.06B,9.79B,9.97B,9.26B,8.84B,8.86B,8.5B,7.2B,7.69B,9.62B,10.7B,13.4B,17.9B,24.6B,22.4B,27.2B,33.8B,33.3B,38.7B,40.4B,36.2B,36.1B,39B,40.2B,37.9B,35.7B
Palestine,,,,,,,,,,,,,,,,,,,,,,,,,,,,,,,,,,,2.84B,3.28B,3.41B,3.76B,4.07B,4.27B,4.31B,4B,3.56B,3.97B,4.6B,5.13B,5.35B,5.82B,7.31B,8.09B,9.68B,11.2B,12.2B,13.5B,14B,14B,15.4B,16.1B,16.3B,17.1B,15.6B
French Polynesia,,,,,,177M,216M,221M,260M,243M,254M,297M,326M,431M,555M,690M,732M,793M,1.01B,1.22B,1.36B,1.28B,1.29B,1.34B,1.38B,1.51B,2.3B,2.54B,2.69B,2.64B,3.18B,3.27B,3.56B,3.69B,3.52B,3.98B,3.95B,3.57B,3.78B,3.8B,3.45B,,,,,,,,,,,,,,,,,,,,
Qatar,,,,,,,,,,,302M,388M,510M,794M,2.4B,2.51B,3.28B,3.62B,4.05B,5.63B,7.83B,8.66B,7.6B,6.47B,6.7B,6.15B,5.05B,5.45B,6.04B,6.49B,7.36B,6.88B,7.65B,7.16B,7.37B,8.14B,9.06B,11.3B,10.3B,12.4B,17.8B,17.5B,19.4B,23.5B,31.7B,44.5B,60.9B,79.7B,115B,97.8B,125B,168B,187B,199B,206B,162B,152B,161B,183B,176B,144B
Romania,,,,,,,,,,,,,,,,,,,,,,,,,,,,38.4B,40.8B,42.1B,39B,29B,25.1B,26.4B,30.1B,37.4B,36.9B,35.6B,41.7B,36B,37.3B,40.4B,46.1B,57.8B,75B,98.5B,122B,175B,214B,174B,166B,183B,171B,191B,200B,178B,188B,212B,241B,250B,249B
Russia,,,,,,,,,,,,,,,,,,,,,,,,,,,,,555B,507B,517B,518B,460B,435B,395B,396B,392B,405B,271B,196B,260B,307B,345B,430B,591B,764B,990B,1.3TR,1.66TR,1.22TR,1.52TR,2.05TR,2.21TR,2.29TR,2.06TR,1.36TR,1.28TR,1.57TR,1.66TR,1.69TR,1.48TR
Rwanda,119M,122M,125M,128M,130M,149M,125M,160M,172M,189M,220M,223M,246M,291M,308M,572M,638M,747M,906M,1.11B,1.25B,1.41B,1.41B,1.48B,1.59B,1.72B,1.94B,2.16B,2.4B,2.41B,2.55B,1.91B,2.03B,1.97B,754M,1.29B,1.38B,1.85B,1.99B,2.16B,2.07B,1.97B,1.96B,2.14B,2.38B,2.93B,3.32B,4.07B,5.18B,5.67B,6.12B,6.88B,7.65B,7.82B,8.24B,8.54B,8.69B,9.25B,9.64B,10.4B,10.3B
Saudi Arabia,,,,,,,,,4.19B,4.49B,5.38B,7.18B,9.66B,14.9B,45.4B,46.8B,64B,74.2B,80.3B,112B,165B,184B,153B,129B,120B,104B,87B,85.7B,88.3B,95.3B,118B,132B,137B,133B,135B,143B,159B,166B,147B,162B,190B,184B,190B,216B,259B,328B,377B,416B,520B,429B,528B,671B,736B,747B,756B,654B,645B,689B,787B,793B,700B
Sudan,1.31B,1.42B,1.54B,1.57B,1.61B,1.68B,1.72B,1.87B,1.95B,2.14B,2.44B,2.66B,2.88B,3.57B,4.59B,5.6B,6.98B,8.7B,7.67B,9.03B,7.46B,10B,9.24B,8.23B,9.7B,12.4B,15.8B,20.2B,15.4B,15.3B,12.4B,11.4B,7.03B,8.88B,12.8B,13.8B,9.02B,11.7B,11.3B,10.7B,12.3B,15.7B,18.1B,21.4B,26.6B,35.2B,45.3B,59.4B,64.8B,51.6B,59B,55B,37.6B,43B,49.5B,51.7B,42.6B,41.3B,31B,26.2B,21.3B
Senegal,1B,1.06B,1.09B,1.12B,1.19B,1.21B,1.25B,1.25B,1.31B,1.25B,1.3B,1.34B,1.62B,1.86B,2.1B,2.83B,2.87B,2.94B,3.28B,4.08B,4.51B,4.1B,4.01B,3.57B,3.49B,3.82B,5.39B,6.49B,6.42B,6.37B,7.39B,7.26B,7.77B,7.37B,5.03B,6.33B,6.56B,6.04B,6.51B,6.59B,6.01B,6.51B,7.01B,8.77B,10.1B,11B,11.7B,14B,16.9B,16.1B,16.1B,17.8B,17.7B,18.9B,19.8B,17.8B,19B,21B,23.1B,23.3B,24.6B
Singapore,705M,765M,826M,918M,894M,975M,1.1B,1.24B,1.43B,1.66B,1.92B,2.26B,2.72B,3.7B,5.22B,5.63B,6.33B,6.62B,7.52B,9.3B,11.9B,14.2B,16.1B,17.8B,19.7B,19.2B,18.6B,20.9B,25.4B,30.5B,36.1B,45.5B,52.1B,60.6B,73.7B,87.8B,96.3B,100B,85.7B,86.3B,96.1B,89.8B,92.5B,97.6B,115B,128B,149B,181B,194B,194B,240B,279B,295B,308B,315B,308B,319B,343B,376B,374B,340B
Solomon Islands,,,,,,,,25.2M,28.1M,28.6M,,50.1M,40.6M,55.3M,84.5M,74.6M,83.1M,93.1M,111M,151M,183M,194M,193M,181M,181M,165M,148M,155M,177M,173M,215M,228M,269M,301M,403M,469M,511M,527M,458M,488M,420M,409M,346M,353M,398M,477M,539M,620M,699M,736M,847M,1.05B,1.19B,1.28B,1.34B,1.31B,1.38B,1.48B,1.57B,1.57B,1.55B
Sierra Leone,322M,328M,343M,349M,372M,359M,375M,349M,330M,409M,434M,420M,465M,575M,649M,679M,595M,692M,961M,1.11B,1.1B,1.11B,1.3B,995M,1.09B,857M,490M,701M,1.06B,933M,650M,780M,680M,769M,912M,871M,942M,850M,672M,669M,636M,1.09B,1.25B,1.39B,1.45B,1.65B,1.89B,2.16B,2.51B,2.45B,2.58B,2.94B,3.8B,4.92B,5.02B,4.22B,3.67B,3.72B,4.09B,4.08B,4.06B
El Salvador,,,,,,878M,930M,976M,1.01B,1.05B,1.13B,1.19B,1.26B,1.44B,1.67B,1.88B,2.33B,2.94B,3.13B,3.46B,3.57B,3.44B,3.4B,3.51B,3.66B,3.8B,3.77B,3.96B,4.19B,4.37B,4.82B,5.25B,5.81B,6.68B,7.68B,8.92B,9.59B,10.2B,10.9B,11.3B,11.8B,12.3B,12.7B,13.2B,13.7B,14.7B,16B,17B,18B,17.6B,18.4B,20.3B,21.4B,22B,22.6B,23.4B,24.2B,25B,26B,26.9B,24.6B
San Marino,,,,,,,,,,,,,,,,,,,,,,,,,,,,,,,,,,,,,,,,1.11B,1.01B,1.08B,1.17B,1.46B,1.72B,1.79B,1.91B,2.19B,2.39B,2.06B,1.88B,1.81B,1.6B,1.68B,1.67B,1.42B,1.47B,1.53B,1.66B,1.62B,
Somalia,180M,192M,204M,216M,230M,244M,257M,272M,287M,306M,323M,331M,417M,507M,468M,711M,807M,499M,565M,590M,604M,699M,774M,734M,788M,876M,930M,1.01B,1.04B,1.09B,917M,,,,,,,,,,,,,,,,,,,,,,,4.57B,5.02B,5.33B,5.53B,5.61B,5.85B,6.48B,6.97B
Serbia,,,,,,,,,,,,,,,,,,,,,,,,,,,,,,,,,,,,16.8B,21.8B,25.7B,19.5B,19.4B,6.88B,13B,17.1B,22.5B,26.1B,27.7B,32.5B,43.2B,52.2B,45.2B,41.8B,49.3B,43.3B,48.4B,47.1B,39.7B,40.7B,44.2B,50.6B,51.5B,53.3B
South Sudan,,,,,,,,,,,,,,,,,,,,,,,,,,,,,,,,,,,,,,,,,,,,,,,,,14.6B,12.2B,14.6B,14.9B,11.9B,18.4B,14B,12B,,,,,
Sao Tome and Principe,,,,,,,,,,,,,,,,,,,,,,,,,,,,,,,,,,,,,,,,,,76M,85.2M,102M,115M,136M,143M,149M,188M,188M,197M,231M,251M,301M,347M,316M,345M,376M,412M,427M,473M
Suriname,99.7M,108M,116M,126M,134M,154M,190M,221M,241M,260M,275M,301M,312M,339M,410M,466M,506M,642M,736M,783M,795M,889M,915M,884M,864M,873M,891M,980M,1.16B,543M,388M,448M,405M,429M,605M,692M,861M,926M,1.11B,886M,948M,834M,1.09B,1.27B,1.48B,1.79B,2.63B,2.94B,3.53B,3.88B,4.37B,4.42B,4.98B,5.15B,5.24B,5.13B,3.32B,3.59B,4B,3.98B,2.88B
Slovak Republic,,,,,,,,,,,,,,,,,,,,,,,,,,,,,,,12.7B,14.3B,15.5B,16.5B,20.2B,25.8B,27.9B,27.7B,29.9B,30.5B,29.2B,30.8B,35.3B,46.9B,57.4B,62.8B,70.8B,86.6B,101B,89.4B,90.8B,99.5B,94.3B,98.6B,101B,88.6B,89.7B,95.4B,106B,105B,105B
Slovenia,,,,,,,,,,,,,,,,,,,,,,,,,,,,,,,,,,,,21.4B,21.5B,20.8B,22.1B,22.7B,20.3B,20.9B,23.5B,29.6B,34.4B,36.2B,39.5B,48.1B,55.8B,50.6B,48.2B,51.6B,46.6B,48.4B,50B,43.1B,44.8B,48.6B,54.2B,54.2B,53.6B
Sweden,15.8B,17.2B,18.7B,20.2B,22.5B,24.8B,27B,29.3B,31.1B,33.7B,38.1B,41.6B,49B,59.4B,66B,82.9B,89.4B,94.5B,104B,123B,142B,130B,114B,105B,109B,114B,150B,183B,207B,218B,262B,274B,284B,213B,229B,267B,292B,268B,271B,274B,263B,242B,267B,334B,385B,392B,423B,491B,518B,437B,496B,574B,552B,587B,582B,505B,516B,541B,555B,534B,541B
Eswatini,35.1M,43M,45.9M,54.1M,65M,70.3M,76.9M,74.8M,79.8M,105M,112M,136M,147M,222M,264M,288M,273M,304M,341M,412M,542M,571M,538M,555M,494M,360M,449M,584M,692M,697M,1.11B,1.16B,1.28B,1.36B,1.42B,1.7B,1.6B,1.72B,1.58B,1.55B,1.74B,1.54B,1.43B,2.2B,2.77B,3.18B,3.29B,3.47B,3.29B,3.58B,4.44B,4.82B,4.89B,4.6B,4.42B,4.06B,3.82B,4.4B,4.67B,4.5B,3.97B
Sint Maarten (Dutch part),,,,,,,,,,,,,,,,,,,,,,,,,,,,,,,,,,,,,,,,,,,,,,,,,,,,936M,986M,1.02B,1.25B,1.25B,1.26B,1.19B,1.19B,,
Seychelles,12M,11.6M,12.6M,13.9M,15.4M,15.6M,16.4M,16.6M,16.1M,16.5M,18.4M,22M,30.6M,36.9M,43.1M,47.8M,49.3M,64.5M,85.6M,127M,147M,155M,148M,147M,151M,169M,208M,249M,284M,305M,369M,374M,434M,474M,486M,508M,503M,563M,608M,623M,615M,622M,698M,706M,839M,919M,1.02B,1.03B,967M,847M,970M,1.07B,1.06B,1.33B,1.34B,1.38B,1.43B,1.53B,1.55B,1.58B,1.06B
Syria,858M,945M,1.11B,1.2B,1.34B,1.33B,1.32B,1.44B,1.56B,1.8B,1.78B,2.1B,2.42B,2.58B,4.24B,5.57B,6.42B,6.88B,8.25B,9.93B,13.1B,16.8B,17.5B,18.7B,19.2B,21.2B,25.5B,32.5B,16.6B,18.6B,23.9B,27.8B,33.1B,36.9B,45.1B,50.9B,61.5B,66.4B,70.4B,73B,80.6B,86.8B,90.6B,95.7B,113B,134B,154B,180B,218B,225B,253B,64.3B,42.8B,20.3B,21.2B,16.5B,12.4B,16.1B,21.5B,22.8B,
Turks and Caicos Islands,,,,,,,,,,,,,,,,,,,,,,,,,,,,,,,,,,,,,,,,,,359M,367M,410M,486M,579M,722M,773M,863M,703M,687M,729M,727M,754M,841M,942M,1.03B,1.02B,1.11B,1.2B,925M
Chad,314M,334M,358M,372M,392M,417M,433M,450M,454M,472M,469M,502M,585M,647M,653M,865M,866M,935M,1.11B,1B,1.03B,877M,834M,832M,919M,1.03B,1.07B,1.16B,1.48B,1.43B,1.74B,1.88B,1.88B,1.46B,1.18B,1.45B,1.61B,1.54B,1.74B,1.53B,1.39B,1.71B,2B,2.74B,4.42B,6.65B,7.43B,8.65B,10.4B,9.29B,10.7B,12.2B,12.4B,13B,13.9B,11B,10.1B,10B,11.2B,11.3B,10.8B
Togo,121M,126M,132M,143M,166M,187M,216M,232M,242M,268M,254M,287M,336M,406M,560M,617M,619M,777M,824M,892M,1.14B,962M,822M,766M,718M,762M,1.06B,1.25B,1.38B,1.35B,1.63B,1.6B,1.69B,1.23B,983M,1.31B,1.47B,1.5B,1.59B,1.58B,1.49B,1.48B,1.71B,2.12B,2.26B,2.28B,2.35B,2.66B,3.32B,3.38B,3.43B,3.87B,3.87B,4.32B,4.57B,4.18B,6.03B,6.4B,7.11B,7.22B,7.57B
Thailand,2.76B,3.03B,3.31B,3.54B,3.89B,4.39B,5.28B,5.64B,6.08B,6.7B,7.09B,7.38B,8.18B,10.8B,13.7B,14.9B,17B,19.8B,24B,27.4B,32.4B,34.8B,36.6B,40B,41.8B,38.9B,43.1B,50.5B,61.7B,72.3B,85.3B,98.2B,111B,129B,147B,169B,183B,150B,114B,127B,126B,120B,134B,152B,173B,189B,222B,263B,291B,282B,341B,371B,398B,420B,407B,401B,413B,456B,507B,544B,502B
Tajikistan,,,,,,,,,,,,,,,,,,,,,,,,,,,,,,,2.63B,1.35B,2.16B,1.64B,1.52B,1.23B,1.04B,922M,1.32B,1.09B,861M,1.08B,1.22B,1.56B,2.08B,2.31B,2.83B,3.72B,5.16B,4.98B,5.64B,6.52B,7.63B,8.45B,9.11B,8.27B,6.99B,7.54B,7.77B,8.3B,8.19B
Turkmenistan,,,,,,,,,,,,,,,,,,,,,,,,,,,,2.33B,3.01B,3.01B,3.19B,3.21B,3.2B,3.18B,2.56B,2.48B,2.38B,2.45B,2.61B,2.45B,2.9B,3.53B,4.46B,5.98B,6.84B,8.1B,10.3B,12.7B,19.3B,20.2B,22.6B,29.2B,35.2B,39.2B,43.5B,35.8B,36.2B,37.9B,40.8B,45.2B,
Timor-Leste,,,,,,,,,,,,,,,,,,,,,,,,,,,,,,,,,,,,,,,,,367M,477M,470M,490M,441M,462M,454M,543M,648M,727M,882M,1.04B,1.16B,1.4B,1.45B,1.59B,1.65B,1.62B,1.58B,2.05B,1.9B
Tonga,,,,,,,,,,,,,,,,32.5M,30M,34.1M,41.6M,44.7M,53.3M,62.2M,62.1M,60.9M,64.2M,60.1M,68.2M,81.7M,107M,106M,114M,132M,137M,138M,196M,209M,222M,215M,192M,199M,205M,181M,183M,202M,231M,262M,292M,299M,344M,312M,367M,415M,471M,451M,440M,437M,421M,460M,489M,512M,489M
Trinidad and Tobago,536M,585M,619M,678M,712M,737M,724M,762M,759M,779M,822M,897M,1.08B,1.31B,2.04B,2.44B,2.5B,3.14B,3.56B,4.6B,6.24B,6.99B,8.14B,7.76B,7.76B,7.38B,4.79B,4.8B,4.5B,4.32B,5.07B,5.31B,5.44B,4.67B,4.95B,5.33B,5.76B,5.74B,6.04B,6.81B,8.15B,8.82B,9.01B,11.3B,13.3B,16B,18.4B,21.6B,27.9B,19.2B,22.2B,25.4B,25.8B,27.3B,27.6B,25B,22.4B,22.4B,23.7B,23.2B,21.6B
Tunisia,,,,,,991M,1.04B,1.09B,1.21B,1.29B,1.44B,1.69B,2.24B,2.73B,3.55B,4.33B,4.51B,5.11B,5.97B,7.19B,8.74B,8.43B,8.13B,8.35B,8.25B,8.41B,9.02B,9.7B,10.1B,10.1B,12.3B,13.1B,15.5B,14.6B,15.6B,18B,19.6B,20.7B,21.8B,22.9B,21.5B,22.1B,23.1B,27.5B,31.2B,32.3B,34.4B,38.9B,44.9B,43.5B,46.2B,48.1B,47.3B,48.7B,50.3B,45.8B,44.4B,42.2B,42.6B,41.8B,41.6B
Turkey,14B,7.99B,8.92B,10.4B,11.2B,12B,14.1B,15.6B,17.5B,19.5B,17.1B,16.3B,20.4B,25.7B,35.6B,44.6B,51.3B,58.7B,65.1B,89.4B,68.8B,71B,64.5B,61.7B,60B,67.2B,75.7B,87.2B,90.9B,107B,151B,150B,158B,180B,131B,169B,181B,190B,276B,256B,274B,202B,240B,315B,409B,506B,557B,681B,770B,649B,777B,839B,881B,958B,939B,864B,870B,859B,778B,761B,720B
Tuvalu,,,,,,,,,,,,,,,,,,,,,,,,,,,,,,,8.82M,9.37M,9.74M,9.63M,10.9M,11M,12.3M,12.7M,12.8M,13.7M,13.7M,13.2M,15.5M,18.2M,21.5M,21.8M,22.9M,27M,30.3M,27.1M,31.8M,38.7M,37.7M,37.5M,37.3M,35.5M,36.5M,40.6M,42.6M,47.3M,48.9M
Tanzania,,,,,,,,,,,,,,,,,,,,,,,,,,,,,5.1B,4.42B,4.26B,4.96B,4.6B,4.26B,4.51B,5.26B,6.5B,7.68B,12.3B,12.7B,13.4B,13.6B,14.1B,15.2B,16.7B,18.4B,18.6B,21.8B,27.9B,29.1B,32B,34.7B,39.7B,45.7B,50B,47.4B,49.8B,53.3B,57B,61.1B,62.4B
Uganda,423M,442M,449M,516M,589M,885M,926M,968M,1.04B,1.17B,1.26B,1.42B,1.49B,1.7B,2.1B,2.36B,2.45B,2.94B,2.42B,2.14B,1.24B,1.34B,2.18B,2.24B,3.62B,3.52B,3.92B,6.27B,6.51B,5.28B,4.3B,3.32B,2.86B,3.22B,3.99B,5.76B,6.04B,6.27B,6.58B,6B,6.19B,5.84B,6.18B,6.61B,7.94B,9.24B,9.98B,11.9B,14.4B,25.1B,26.7B,27.9B,27.3B,28.9B,32.6B,32.4B,29.2B,30.7B,32.9B,35.4B,37.6B
Ukraine,,,,,,,,,,,,,,,,,,,,,,,,,,,,64.1B,74.7B,82.7B,81.4B,77.4B,73.9B,65.6B,52.5B,48.2B,44.6B,50.2B,41.9B,31.6B,32.4B,39.3B,44B,52B,67.2B,89.2B,112B,149B,188B,122B,141B,169B,183B,190B,134B,91B,93.4B,112B,131B,154B,155B
Uruguay,1.24B,1.55B,1.71B,1.54B,1.98B,1.89B,1.81B,1.6B,1.59B,2B,2.14B,2.81B,2.19B,3.96B,4.09B,3.54B,3.67B,4.11B,4.91B,7.18B,10.2B,11B,9.18B,5.1B,4.85B,4.73B,5.88B,7.37B,8.21B,8.44B,9.3B,11.2B,12.9B,15B,17.5B,19.3B,20.5B,24B,25.4B,24B,22.8B,20.9B,13.6B,12B,13.7B,17.4B,19.6B,23.4B,30.4B,31.7B,40.3B,48B,51.3B,57.5B,57.2B,53.3B,57.2B,64.2B,64.5B,61.2B,53.6B
United States,543B,563B,605B,639B,686B,744B,815B,862B,943B,1.02TR,1.07TR,1.16TR,1.28TR,1.43TR,1.55TR,1.68TR,1.87TR,2.08TR,2.35TR,2.63TR,2.86TR,3.21TR,3.34TR,3.63TR,4.04TR,4.34TR,4.58TR,4.86TR,5.24TR,5.64TR,5.96TR,6.16TR,6.52TR,6.86TR,7.29TR,7.64TR,8.07TR,8.58TR,9.06TR,9.63TR,10.3TR,10.6TR,10.9TR,11.5TR,12.2TR,13TR,13.8TR,14.5TR,14.7TR,14.4TR,15TR,15.5TR,16.2TR,16.8TR,17.5TR,18.2TR,18.7TR,19.5TR,20.6TR,21.4TR,21TR
Uzbekistan,,,,,,,,,,,,,,,,,,,,,,,,,,,,,,,13.4B,13.7B,12.9B,13.1B,12.9B,13.4B,13.9B,14.7B,15B,17.1B,13.8B,11.4B,9.69B,10.1B,12B,14.3B,17.3B,22.3B,29.5B,33.7B,49.8B,60.2B,67.5B,73.2B,80.8B,86.2B,86.1B,62.1B,52.6B,59.9B,59.9B
St. Vincent and the Grenadines,13.1M,14M,14.5M,13.7M,14.8M,15.1M,16.1M,15.8M,15.3M,16.6M,18.4M,20.1M,27.6M,30.2M,32.9M,33.2M,32.8M,49.4M,60.8M,71.1M,82.3M,102M,114M,122M,135M,146M,161M,176M,201M,215M,240M,255M,278M,286M,289M,316M,331M,348M,374M,391M,396M,430M,462M,482M,522M,551M,611M,684M,695M,675M,681M,676M,693M,721M,728M,755M,774M,792M,811M,825M,807M
Venezuela,7.78B,8.19B,8.95B,9.75B,8.1B,8.43B,8.78B,9.25B,10B,10.3B,11.6B,13B,14B,17B,26.1B,27.5B,31.4B,36.2B,39.3B,48.3B,59.1B,66.3B,67.7B,67.6B,60B,62B,60.4B,48B,60.2B,43.5B,48.6B,53.5B,60.4B,60.1B,58.4B,77.4B,70.5B,85.8B,91.3B,98B,117B,123B,92.9B,83.6B,112B,146B,183B,230B,316B,330B,393B,316B,381B,371B,482B,,,,,,
Virgin Islands (U.S.),,,,,,,,,,,,,,,,,,,,,,,,,,,,,,,,,,,,,,,,,,,3.26B,3.44B,3.8B,4.43B,4.48B,4.78B,4.24B,4.2B,4.32B,4.22B,4.09B,3.74B,3.56B,3.66B,3.8B,3.79B,3.9B,4.07B,
Vietnam,,,,,,,,,,,,,,,,,,,,,,,,,,14.1B,26.3B,36.7B,25.4B,6.29B,6.47B,9.61B,9.87B,13.2B,16.3B,20.7B,24.7B,26.8B,27.2B,28.7B,31.2B,32.7B,35.1B,39.6B,45.4B,57.6B,66.4B,77.4B,99.1B,106B,116B,136B,156B,171B,186B,193B,205B,224B,245B,262B,271B
Vanuatu,,,,,,,,,,,,,,,,,,,,119M,121M,114M,115M,117M,144M,132M,126M,139M,158M,154M,169M,201M,209M,200M,234M,249M,261M,273M,262M,268M,272M,258M,263M,314M,365M,395M,439M,516M,591M,593M,671M,770M,748M,758M,772M,731M,781M,880M,915M,935M,882M
Samoa,,,,,,,,,,,,,,,,,,,,,,,121M,112M,109M,95.6M,101M,112M,133M,123M,126M,126M,132M,133M,221M,225M,250M,285M,269M,259M,269M,273M,288M,339M,420M,466M,506M,570M,619M,585M,663M,737M,760M,770M,757M,788M,799M,832M,821M,852M,807M
Yemen,,,,,,,,,,,,,,,,,,,,,,,,,,,,,,,5.65B,5.93B,6.46B,5.37B,4.17B,4.26B,5.79B,6.84B,6.33B,7.64B,9.65B,9.86B,10.7B,11.8B,13.9B,16.7B,19.1B,21.7B,26.9B,25.1B,30.9B,32.7B,35.4B,40.4B,43.2B,42.4B,31.3B,26.8B,21.6B,,
South Africa,7.58B,7.97B,8.5B,9.42B,10.4B,11.3B,12.4B,13.8B,14.9B,16.8B,18.4B,20.3B,21.4B,29.3B,36.8B,38.1B,36.6B,40.7B,46.7B,57.6B,83B,85.5B,78.4B,87.4B,77.3B,59.1B,67.5B,88.6B,95.2B,99B,116B,124B,135B,147B,154B,172B,163B,169B,153B,152B,152B,135B,129B,197B,256B,289B,304B,333B,316B,330B,417B,458B,434B,401B,381B,347B,324B,381B,405B,388B,335B
Zambia,713M,696M,693M,719M,839M,1.08B,1.26B,1.37B,1.61B,1.97B,1.83B,1.69B,1.91B,2.27B,3.12B,2.62B,2.75B,2.48B,2.81B,3.33B,3.83B,3.87B,3.99B,3.22B,2.74B,2.28B,1.66B,2.27B,3.71B,4B,3.29B,3.38B,3.18B,3.27B,3.66B,3.81B,3.6B,4.3B,3.54B,3.4B,3.6B,4.09B,4.19B,4.9B,6.22B,8.33B,12.8B,14.1B,17.9B,15.3B,20.3B,23.5B,25.5B,28B,27.1B,21.3B,21B,25.9B,26.3B,23.3B,18.1B
Zimbabwe,1.05B,1.1B,1.12B,1.16B,1.22B,1.31B,1.28B,1.4B,1.48B,1.75B,1.88B,2.18B,2.68B,3.31B,3.98B,4.37B,4.32B,4.36B,4.35B,5.18B,6.68B,8.01B,8.54B,7.76B,6.35B,5.64B,6.22B,6.74B,7.81B,8.29B,8.78B,8.64B,6.75B,6.56B,6.89B,7.11B,8.55B,8.53B,6.4B,6.86B,6.69B,6.78B,6.34B,5.73B,5.81B,5.76B,5.44B,5.29B,4.42B,9.67B,12B,14.1B,17.1B,19.1B,19.5B,20B,20.5B,17.6B,18.1B,19.3B,18.1B
